-- phpMyAdmin SQL Dump
-- version 4.0.10deb1
-- http://www.phpmyadmin.net
--
-- Host: localhost
-- Generation Time: Apr 11, 2017 at 08:30 AM
-- Server version: 5.7.17-log
-- PHP Version: 5.5.9-1ubuntu4.21

SET SQL_MODE = "NO_AUTO_VALUE_ON_ZERO";
SET time_zone = "+00:00";


/*!40101 SET @OLD_CHARACTER_SET_CLIENT=@@CHARACTER_SET_CLIENT */;
/*!40101 SET @OLD_CHARACTER_SET_RESULTS=@@CHARACTER_SET_RESULTS */;
/*!40101 SET @OLD_COLLATION_CONNECTION=@@COLLATION_CONNECTION */;
/*!40101 SET NAMES utf8 */;

--
-- Database: `book_catalog`
--

-- --------------------------------------------------------

--
-- Table structure for table `author`
--

CREATE TABLE IF NOT EXISTS `author` (
  `id` int(11) NOT NULL AUTO_INCREMENT,
  `first_name` varchar(255) NOT NULL,
  `last_name` varchar(255) NOT NULL,
  PRIMARY KEY (`id`)
) ENGINE=InnoDB  DEFAULT CHARSET=latin1 AUTO_INCREMENT=103 ;

--
-- Dumping data for table `author`
--

INSERT INTO `author` (`id`, `first_name`, `last_name`) VALUES
(1, 'Kimberly', 'Metz'),
(2, 'Donny', 'Kunde'),
(3, 'Wilhelmine', 'Crona'),
(4, 'Della', 'Fritsch'),
(5, 'Ashtyn', 'Rosenbaum'),
(6, 'Pinkie', 'Mitchell'),
(7, 'Ilene', 'Koepp'),
(8, 'Cleveland', 'Cremin'),
(9, 'Brooke', 'Zieme'),
(10, 'Makenzie', 'Bergstrom'),
(11, 'Margot', 'Fisher'),
(12, 'Alexandrea', 'Cummerata'),
(13, 'Maudie', 'Gerlach'),
(14, 'Duane', 'Leuschke'),
(15, 'Imani', 'Wunsch'),
(16, 'Al', 'O''Connell'),
(17, 'Malcolm', 'Schumm'),
(18, 'Jackson', 'Hamill'),
(19, 'Cody', 'Kuvalis'),
(20, 'Petra', 'Kirlin'),
(21, 'Wilhelm', 'McClure'),
(22, 'Mckenzie', 'Hagenes'),
(23, 'Cleta', 'Runte'),
(24, 'Adalberto', 'Howell'),
(25, 'Danial', 'Collier'),
(26, 'Stanford', 'Crist'),
(27, 'Harrison', 'Bogisich'),
(28, 'Virginia', 'Grimes'),
(29, 'Lucy', 'Kohler'),
(30, 'Otha', 'Von'),
(31, 'Cleta', 'Conroy'),
(32, 'Max', 'Bogisich'),
(33, 'Emile', 'Boyle'),
(34, 'Barrett', 'McCullough'),
(35, 'Kiel', 'Waters'),
(36, 'Delia', 'Williamson'),
(37, 'Kylee', 'Walter'),
(38, 'Gertrude', 'Bednar'),
(39, 'Shad', 'Walsh'),
(40, 'Maximus', 'Rath'),
(41, 'Destiney', 'Ward'),
(42, 'Gia', 'Watsica'),
(43, 'Zita', 'Boyle'),
(44, 'Dagmar', 'Howell'),
(45, 'Ambrose', 'Shanahan'),
(46, 'Antonina', 'Harber'),
(47, 'Demarco', 'Lehner'),
(48, 'Scarlett', 'Schroeder'),
(49, 'Janice', 'Jerde'),
(50, 'Fredy', 'Metz'),
(51, 'Alexys', 'Funk'),
(52, 'Yoshiko', 'Fahey'),
(53, 'Lura', 'Block'),
(54, 'Beryl', 'Haag'),
(55, 'Frederique', 'Durgan'),
(56, 'Dayton', 'Rempel'),
(57, 'Sigmund', 'Grant'),
(58, 'Brayan', 'Jakubowski'),
(59, 'Skylar', 'Lockman'),
(60, 'Edwina', 'Ullrich'),
(61, 'Lucile', 'Powlowski'),
(62, 'Joannie', 'Cummings'),
(63, 'Josue', 'Abernathy'),
(64, 'Emerald', 'Leannon'),
(65, 'Cordia', 'Ritchie'),
(66, 'Edgardo', 'Friesen'),
(67, 'Arnoldo', 'Greenholt'),
(68, 'Ansley', 'Olson'),
(69, 'Marlen', 'Crona'),
(70, 'Shana', 'Kilback'),
(71, 'Henriette', 'Parisian'),
(72, 'Ashlynn', 'Carter'),
(73, 'Rosina', 'Stroman'),
(74, 'Krystel', 'Paucek'),
(75, 'Jamir', 'Ryan'),
(76, 'Ladarius', 'Streich'),
(77, 'Dominique', 'Cummerata'),
(78, 'Barton', 'Cormier'),
(79, 'Brittany', 'Rowe'),
(80, 'Savanah', 'Cremin'),
(81, 'Libbie', 'Heaney'),
(82, 'Vernice', 'Walker'),
(83, 'Letha', 'Feeney'),
(84, 'Ricky', 'Armstrong'),
(85, 'Arlene', 'Balistreri'),
(86, 'Meaghan', 'Zemlak'),
(87, 'Nicole', 'Spencer'),
(88, 'Aracely', 'Luettgen'),
(89, 'Sabryna', 'Rau'),
(90, 'Mabelle', 'Kunze'),
(91, 'Jedediah', 'Lebsack'),
(92, 'Pierce', 'Beier'),
(93, 'Orval', 'Funk'),
(94, 'Andrew', 'Schuppe'),
(95, 'Manuel', 'Bailey'),
(96, 'Allene', 'Kihn'),
(97, 'Jo', 'Howell'),
(98, 'Rosalia', 'Schamberger'),
(99, 'Jody', 'Schmitt'),
(100, 'Camren', 'Deckow'),
(101, 'Asd', 'Fff'),
(102, 'Aaaaa', 'Aaaa');

-- --------------------------------------------------------

--
-- Table structure for table `author_book`
--

CREATE TABLE IF NOT EXISTS `author_book` (
  `id` int(11) NOT NULL AUTO_INCREMENT,
  `book_id` int(11) NOT NULL,
  `author_id` int(11) NOT NULL,
  PRIMARY KEY (`id`),
  KEY `book_constraint` (`book_id`),
  KEY `author_constraint` (`author_id`)
) ENGINE=InnoDB  DEFAULT CHARSET=latin1 AUTO_INCREMENT=503 ;

--
-- Dumping data for table `author_book`
--

INSERT INTO `author_book` (`id`, `book_id`, `author_id`) VALUES
(1, 1, 39),
(2, 2, 89),
(3, 3, 41),
(4, 4, 26),
(5, 5, 43),
(6, 6, 26),
(7, 7, 11),
(8, 8, 4),
(9, 9, 46),
(10, 10, 79),
(11, 11, 95),
(12, 12, 99),
(13, 13, 5),
(14, 14, 18),
(15, 15, 88),
(16, 16, 43),
(17, 17, 78),
(18, 18, 98),
(19, 19, 14),
(20, 20, 75),
(21, 21, 85),
(22, 22, 70),
(23, 23, 11),
(24, 24, 11),
(25, 25, 48),
(26, 26, 93),
(27, 27, 81),
(28, 28, 99),
(29, 29, 42),
(30, 30, 78),
(31, 31, 10),
(32, 32, 81),
(33, 33, 66),
(34, 34, 51),
(35, 35, 6),
(36, 36, 9),
(37, 37, 76),
(38, 38, 17),
(39, 39, 13),
(40, 40, 21),
(41, 41, 95),
(42, 42, 7),
(43, 43, 20),
(44, 44, 99),
(45, 45, 24),
(46, 46, 8),
(47, 47, 42),
(48, 48, 2),
(49, 49, 5),
(50, 50, 55),
(51, 51, 76),
(52, 52, 89),
(53, 53, 25),
(54, 54, 87),
(55, 55, 100),
(56, 56, 72),
(57, 57, 79),
(58, 58, 80),
(59, 59, 70),
(60, 60, 21),
(61, 61, 58),
(62, 62, 79),
(63, 63, 1),
(64, 64, 24),
(65, 65, 30),
(66, 66, 7),
(67, 67, 33),
(68, 68, 5),
(69, 69, 23),
(70, 70, 45),
(71, 71, 26),
(72, 72, 17),
(73, 73, 51),
(74, 74, 45),
(75, 75, 16),
(76, 76, 75),
(77, 77, 52),
(78, 78, 58),
(79, 79, 76),
(80, 80, 57),
(81, 81, 12),
(82, 82, 52),
(83, 83, 46),
(84, 84, 37),
(85, 85, 38),
(86, 86, 45),
(87, 87, 8),
(88, 88, 17),
(89, 89, 25),
(90, 90, 78),
(91, 91, 38),
(92, 92, 82),
(93, 93, 57),
(94, 94, 39),
(95, 95, 6),
(96, 96, 86),
(97, 97, 46),
(98, 98, 38),
(99, 99, 91),
(100, 100, 68),
(101, 101, 82),
(102, 102, 16),
(103, 103, 85),
(104, 104, 33),
(105, 105, 61),
(106, 106, 1),
(107, 107, 7),
(108, 108, 13),
(109, 109, 58),
(110, 110, 83),
(111, 111, 69),
(112, 112, 69),
(113, 113, 35),
(114, 114, 14),
(115, 115, 6),
(116, 116, 73),
(117, 117, 58),
(118, 118, 14),
(119, 119, 90),
(120, 120, 83),
(121, 121, 91),
(122, 122, 27),
(123, 123, 64),
(124, 124, 47),
(125, 125, 66),
(126, 126, 69),
(127, 127, 33),
(128, 128, 11),
(129, 129, 7),
(130, 130, 23),
(131, 131, 79),
(132, 132, 88),
(133, 133, 39),
(134, 134, 63),
(135, 135, 21),
(136, 136, 99),
(137, 137, 63),
(138, 138, 27),
(139, 139, 11),
(140, 140, 20),
(141, 141, 10),
(142, 142, 79),
(143, 143, 89),
(144, 144, 45),
(145, 145, 93),
(146, 146, 94),
(147, 147, 17),
(148, 148, 51),
(149, 149, 7),
(150, 150, 6),
(151, 151, 33),
(152, 152, 98),
(153, 153, 33),
(154, 154, 97),
(155, 155, 45),
(156, 156, 98),
(157, 157, 66),
(158, 158, 77),
(159, 159, 9),
(160, 160, 72),
(161, 161, 100),
(162, 162, 87),
(163, 163, 59),
(164, 164, 38),
(165, 165, 49),
(166, 166, 79),
(167, 167, 37),
(168, 168, 12),
(169, 169, 6),
(170, 170, 47),
(171, 171, 31),
(172, 172, 16),
(173, 173, 26),
(174, 174, 20),
(175, 175, 60),
(176, 176, 18),
(177, 177, 14),
(178, 178, 77),
(179, 179, 68),
(180, 180, 21),
(181, 181, 83),
(182, 182, 100),
(183, 183, 18),
(184, 184, 15),
(185, 185, 96),
(186, 186, 62),
(187, 187, 13),
(188, 188, 61),
(189, 189, 39),
(190, 190, 21),
(191, 191, 33),
(192, 192, 39),
(193, 193, 7),
(194, 194, 91),
(195, 195, 76),
(196, 196, 56),
(197, 197, 70),
(198, 198, 12),
(199, 199, 67),
(200, 200, 76),
(201, 201, 59),
(202, 202, 98),
(203, 203, 92),
(204, 204, 84),
(205, 205, 17),
(206, 206, 51),
(207, 207, 2),
(208, 208, 31),
(209, 209, 28),
(210, 210, 69),
(211, 211, 51),
(212, 212, 10),
(213, 213, 69),
(214, 214, 68),
(215, 215, 24),
(216, 216, 65),
(217, 217, 30),
(218, 218, 37),
(219, 219, 26),
(220, 220, 69),
(221, 221, 57),
(222, 222, 58),
(223, 223, 7),
(224, 224, 64),
(225, 225, 49),
(226, 226, 83),
(227, 227, 19),
(228, 228, 19),
(229, 229, 95),
(230, 230, 86),
(231, 231, 94),
(232, 232, 53),
(233, 233, 83),
(234, 234, 85),
(235, 235, 37),
(236, 236, 100),
(237, 237, 36),
(238, 238, 38),
(239, 239, 30),
(240, 240, 63),
(241, 241, 7),
(242, 242, 81),
(243, 243, 73),
(244, 244, 75),
(245, 245, 48),
(246, 246, 96),
(247, 247, 40),
(248, 248, 78),
(249, 249, 33),
(250, 250, 65),
(251, 251, 46),
(252, 252, 90),
(253, 253, 22),
(254, 254, 53),
(255, 255, 53),
(256, 256, 71),
(257, 257, 36),
(258, 258, 72),
(259, 259, 89),
(260, 260, 30),
(261, 261, 58),
(262, 262, 83),
(263, 263, 83),
(264, 264, 41),
(265, 265, 68),
(266, 266, 19),
(267, 267, 40),
(268, 268, 3),
(269, 269, 57),
(270, 270, 70),
(271, 271, 66),
(272, 272, 63),
(273, 273, 50),
(274, 274, 38),
(275, 275, 38),
(276, 276, 98),
(277, 277, 34),
(278, 278, 78),
(279, 279, 76),
(280, 280, 66),
(281, 281, 42),
(282, 282, 22),
(283, 283, 55),
(284, 284, 64),
(285, 285, 74),
(286, 286, 8),
(287, 287, 34),
(288, 288, 9),
(289, 289, 80),
(290, 290, 22),
(291, 291, 39),
(292, 292, 37),
(293, 293, 5),
(294, 294, 21),
(295, 295, 77),
(296, 296, 72),
(297, 297, 40),
(298, 298, 16),
(299, 299, 74),
(300, 300, 96),
(301, 301, 86),
(302, 302, 40),
(303, 303, 59),
(304, 304, 36),
(305, 305, 77),
(306, 306, 97),
(307, 307, 33),
(308, 308, 11),
(309, 309, 74),
(310, 310, 8),
(311, 311, 77),
(312, 312, 15),
(313, 313, 30),
(314, 314, 31),
(315, 315, 79),
(316, 316, 3),
(317, 317, 39),
(318, 318, 12),
(319, 319, 12),
(320, 320, 18),
(321, 321, 34),
(322, 322, 50),
(323, 323, 54),
(324, 324, 38),
(325, 325, 70),
(326, 326, 30),
(327, 327, 10),
(328, 328, 9),
(329, 329, 46),
(330, 330, 83),
(331, 331, 5),
(332, 332, 31),
(333, 333, 23),
(334, 334, 63),
(335, 335, 67),
(336, 336, 100),
(337, 337, 59),
(338, 338, 100),
(339, 339, 10),
(340, 340, 33),
(341, 341, 7),
(342, 342, 86),
(343, 343, 48),
(344, 344, 36),
(345, 345, 17),
(346, 346, 26),
(347, 347, 39),
(348, 348, 55),
(349, 349, 38),
(350, 350, 50),
(351, 351, 72),
(352, 352, 72),
(353, 353, 100),
(354, 354, 25),
(355, 355, 10),
(356, 356, 69),
(357, 357, 55),
(358, 358, 19),
(359, 359, 78),
(360, 360, 100),
(361, 361, 2),
(362, 362, 82),
(363, 363, 31),
(364, 364, 24),
(365, 365, 44),
(366, 366, 97),
(367, 367, 23),
(368, 368, 3),
(369, 369, 96),
(370, 370, 33),
(371, 371, 36),
(372, 372, 3),
(373, 373, 18),
(374, 374, 83),
(375, 375, 39),
(376, 376, 34),
(377, 377, 9),
(378, 378, 78),
(379, 379, 89),
(380, 380, 46),
(381, 381, 28),
(382, 382, 60),
(383, 383, 18),
(384, 384, 27),
(385, 385, 85),
(386, 386, 27),
(387, 387, 96),
(388, 388, 39),
(389, 389, 45),
(390, 390, 73),
(391, 391, 38),
(392, 392, 47),
(393, 393, 54),
(394, 394, 69),
(395, 395, 70),
(396, 396, 98),
(397, 397, 65),
(398, 398, 93),
(399, 399, 1),
(400, 400, 61),
(401, 401, 25),
(402, 402, 37),
(403, 403, 63),
(404, 404, 42),
(405, 405, 19),
(406, 406, 2),
(407, 407, 76),
(408, 408, 28),
(409, 409, 79),
(410, 410, 64),
(411, 411, 73),
(412, 412, 6),
(413, 413, 24),
(414, 414, 91),
(415, 415, 32),
(416, 416, 8),
(417, 417, 17),
(418, 418, 27),
(419, 419, 47),
(420, 420, 62),
(421, 421, 100),
(422, 422, 85),
(423, 423, 8),
(424, 424, 53),
(425, 425, 53),
(426, 426, 77),
(427, 427, 51),
(428, 428, 18),
(429, 429, 70),
(430, 430, 52),
(431, 431, 79),
(432, 432, 94),
(433, 433, 88),
(434, 434, 41),
(435, 435, 36),
(436, 436, 7),
(437, 437, 43),
(438, 438, 11),
(439, 439, 34),
(440, 440, 21),
(441, 441, 75),
(442, 442, 6),
(443, 443, 27),
(444, 444, 99),
(445, 445, 97),
(446, 446, 59),
(447, 447, 7),
(448, 448, 13),
(449, 449, 86),
(450, 450, 53),
(451, 451, 75),
(452, 452, 85),
(453, 453, 38),
(454, 454, 82),
(455, 455, 38),
(456, 456, 90),
(457, 457, 59),
(458, 458, 88),
(459, 459, 8),
(460, 460, 28),
(461, 461, 39),
(462, 462, 86),
(463, 463, 21),
(464, 464, 27),
(465, 465, 27),
(466, 466, 57),
(467, 467, 33),
(468, 468, 70),
(469, 469, 67),
(470, 470, 66),
(471, 471, 90),
(472, 472, 42),
(473, 473, 72),
(474, 474, 17),
(475, 475, 40),
(476, 476, 68),
(477, 477, 75),
(478, 478, 47),
(479, 479, 81),
(480, 480, 60),
(481, 481, 99),
(482, 482, 55),
(483, 483, 44),
(484, 484, 36),
(485, 485, 36),
(486, 486, 81),
(487, 487, 26),
(488, 488, 95),
(489, 489, 69),
(490, 490, 34),
(491, 491, 23),
(492, 492, 8),
(493, 493, 20),
(494, 494, 44),
(495, 495, 34),
(496, 496, 46),
(497, 497, 100),
(498, 498, 66),
(499, 499, 15),
(500, 500, 67),
(501, 501, 101),
(502, 502, 102);

-- --------------------------------------------------------

--
-- Table structure for table `book`
--

CREATE TABLE IF NOT EXISTS `book` (
  `id` int(11) NOT NULL AUTO_INCREMENT,
  `title` varchar(255) NOT NULL,
  `description` text,
  `image_url` varchar(255) DEFAULT NULL,
  PRIMARY KEY (`id`)
) ENGINE=InnoDB  DEFAULT CHARSET=latin1 AUTO_INCREMENT=503 ;

--
-- Dumping data for table `book`
--

INSERT INTO `book` (`id`, `title`, `description`, `image_url`) VALUES
(1, 'Recontextualize Integrated Portals', 'The hedgehog was engaged in a sulky tone; ''Seven jogged my elbow.'' On which Seven looked up eagerly, half hoping she might as well wait, as she swam about, trying to make personal remarks,'' Alice.', 'http://lorempixel.com/480/480/?16459'),
(2, 'Morph Plug-and-play Niches', 'Alice. ''Nothing WHATEVER?'' persisted the King. The White Rabbit with pink eyes ran close by it, and found that her neck from being broken. She hastily put down the bottle, she found that it was.', 'http://lorempixel.com/480/480/?60876'),
(3, 'Revolutionize Holistic Metrics', 'I can say.'' This was not a bit of mushroom, and raised herself to about two feet high, and her eyes immediately met those of a sea of green leaves that lay far below her. ''What CAN all that stuff,''.', 'http://lorempixel.com/480/480/?87591'),
(4, 'Utilize 24/365 Users', 'Footman went on talking: ''Dear, dear! How queer everything is to-day! And yesterday things went on planning to herself ''That''s quite enough--I hope I shan''t go, at any rate he might answer.', 'http://lorempixel.com/480/480/?68598'),
(5, 'Scale World-class Portals', 'Caterpillar. Alice thought she had put on her face like the look of it had grown so large a house, that she wanted much to know, but the tops of the e--e--evening, Beautiful, beauti--FUL SOUP!''.', 'http://lorempixel.com/480/480/?39340'),
(6, 'Architect User-centric Channels', 'First, because I''m on the hearth and grinning from ear to ear. ''Please would you tell me, please, which way she put one arm out of a book,'' thought Alice ''without pictures or conversations?'' So she.', 'http://lorempixel.com/480/480/?39930'),
(7, 'Reintermediate Innovative Deliverables', 'Alice, thinking it was only sobbing,'' she thought, and looked at Alice, as the whole place around her became alive with the tarts, you know--'' She had already heard her sentence three of the.', 'http://lorempixel.com/480/480/?40604'),
(8, 'Scale Best-of-breed Portals', 'Alice. ''Of course you don''t!'' the Hatter were having tea at it: a Dormouse was sitting on a branch of a tree a few minutes it seemed quite natural to Alice with one elbow against the door, staring.', 'http://lorempixel.com/480/480/?54545'),
(9, 'Strategize Cross-media Users', 'Stop this moment, I tell you, you coward!'' and at once to eat the comfits: this caused some noise and confusion, as the game began. Alice thought the whole pack rose up into a tidy little room with.', 'http://lorempixel.com/480/480/?76352'),
(10, 'Envisioneer Virtual Applications', 'Latitude or Longitude I''ve got to grow larger again, and Alice looked very anxiously into her face, and large eyes full of the garden, and marked, with one finger pressed upon its nose. The Dormouse.', 'http://lorempixel.com/480/480/?22947'),
(11, 'Drive Rich Users', 'I''ll get into that beautiful garden--how IS that to be full of soup. ''There''s certainly too much pepper in my own tears! That WILL be a comfort, one way--never to be sure; but I can''t put it right;.', 'http://lorempixel.com/480/480/?61237'),
(12, 'Engage Customized Solutions', 'Queen in front of the treat. When the pie was all finished, the Owl, as a partner!'' cried the Mock Turtle at last, and managed to swallow a morsel of the gloves, and she jumped up in a deep voice.', 'http://lorempixel.com/480/480/?70185'),
(13, 'Revolutionize Extensible E-business', 'Tortoise because he was speaking, so that it was growing, and very soon came upon a time there could be beheaded, and that makes the matter worse. You MUST have meant some mischief, or else you''d.', 'http://lorempixel.com/480/480/?87702'),
(14, 'Scale 24/7 Metrics', 'I suppose, by being drowned in my life!'' She had just upset the milk-jug into his plate. Alice did not at all fairly,'' Alice began, in a great many teeth, so she went on, looking anxiously round to.', 'http://lorempixel.com/480/480/?27349'),
(15, 'Strategize Vertical Bandwidth', 'Footman. ''That''s the reason and all of them didn''t know how to set them free, Exactly as we were. My notion was that you have of putting things!'' ''It''s a Cheshire cat,'' said the Duchess; ''and that''s.', 'http://lorempixel.com/480/480/?53969'),
(16, 'Unleash B2C E-business', 'There was exactly the right words,'' said poor Alice, who was a dead silence. ''It''s a mineral, I THINK,'' said Alice. ''Anything you like,'' said the Duchess. ''I make you grow shorter.'' ''One side of.', 'http://lorempixel.com/480/480/?43619'),
(17, 'Scale Global Partnerships', 'I don''t understand. Where did they live on?'' said Alice, who felt very glad to get rather sleepy, and went on in a minute, trying to touch her. ''Poor little thing!'' It did so indeed, and much sooner.', 'http://lorempixel.com/480/480/?72025'),
(18, 'Synergize Synergistic Convergence', 'GAVE HER ONE, THEY GAVE HIM TWO--" why, that must be the right house, because the Duchess by this very sudden change, but very politely: ''Did you speak?'' ''Not I!'' he replied. ''We quarrelled last.', 'http://lorempixel.com/480/480/?97184'),
(19, 'Expedite Collaborative Platforms', 'This time Alice waited patiently until it chose to speak first, ''why your cat grins like that?'' ''It''s a Cheshire cat,'' said the Mouse, in a tone of great relief. ''Call the next verse,'' the Gryphon.', 'http://lorempixel.com/480/480/?32089'),
(20, 'Embrace Rich Interfaces', 'But they HAVE their tails fast in their paws. ''And how did you call him Tortoise, if he would deny it too: but the Gryphon whispered in reply, ''for fear they should forget them before the officer.', 'http://lorempixel.com/480/480/?39245'),
(21, 'Generate Global Convergence', 'Dodo, ''the best way you go,'' said the Hatter, with an M--'' ''Why with an M--'' ''Why with an M--'' ''Why with an anxious look at me like a thunderstorm. ''A fine day, your Majesty!'' the Duchess sang the.', 'http://lorempixel.com/480/480/?96946'),
(22, 'Recontextualize Turn-key E-tailers', 'TWO little shrieks, and more faintly came, carried on the spot.'' This did not notice this question, but hurriedly went on, ''What''s your name, child?'' ''My name is Alice, so please your Majesty!'' the.', 'http://lorempixel.com/480/480/?10060'),
(23, 'Empower Turn-key Initiatives', 'She''ll get me executed, as sure as ferrets are ferrets! Where CAN I have done just as well. The twelve jurors were writing down ''stupid things!'' on their hands and feet at once, in a deep voice.', 'http://lorempixel.com/480/480/?94268'),
(24, 'Unleash Bricks-and-clicks Partnerships', 'And he got up in such a noise inside, no one to listen to her. The Cat seemed to be afraid of interrupting him,) ''I''ll give him sixpence. _I_ don''t believe you do either!'' And the moral of that.', 'http://lorempixel.com/480/480/?68169'),
(25, 'Productize One-to-one Systems', 'Gryphon: ''I went to the Gryphon. ''It all came different!'' the Mock Turtle to the table for it, he was in the prisoner''s handwriting?'' asked another of the baby?'' said the youth, ''and your jaws are.', 'http://lorempixel.com/480/480/?62387'),
(26, 'Deliver One-to-one Platforms', 'I find a number of cucumber-frames there must be!'' thought Alice. ''I''m a--I''m a--'' ''Well! WHAT are you?'' said Alice, whose thoughts were still running on the whole party at once took up the fan she.', 'http://lorempixel.com/480/480/?89210'),
(27, 'Generate Killer Initiatives', 'The hedgehog was engaged in a hurried nervous manner, smiling at everything that Alice quite jumped; but she did not like to be rude, so she helped herself to some tea and bread-and-butter, and then.', 'http://lorempixel.com/480/480/?63735'),
(28, 'Whiteboard Vertical Functionalities', 'Trims his belt and his friends shared their never-ending meal, and the reason is--'' here the Mock Turtle replied; ''and then the other, and growing sometimes taller and sometimes she scolded herself.', 'http://lorempixel.com/480/480/?12655'),
(29, 'Revolutionize Granular Eyeballs', 'Alice. ''Why, SHE,'' said the Mock Turtle to the Duchess: ''flamingoes and mustard both bite. And the muscular strength, which it gave to my right size to do this, so she took up the other, and making.', 'http://lorempixel.com/480/480/?92732'),
(30, 'Incentivize Scalable Vortals', 'I wonder what you''re talking about,'' said Alice. ''Then you may stand down,'' continued the Gryphon. ''--you advance twice--'' ''Each with a trumpet in one hand and a large cauldron which seemed to.', 'http://lorempixel.com/480/480/?37424'),
(31, 'Innovate Dot-com Initiatives', 'I can do no more, whatever happens. What WILL become of me? They''re dreadfully fond of pretending to be almost out of a book,'' thought Alice ''without pictures or conversations in it, ''and what is.', 'http://lorempixel.com/480/480/?21540'),
(32, 'Streamline Front-end Functionalities', 'Mock Turtle sighed deeply, and drew the back of one flapper across his eyes. ''I wasn''t asleep,'' he said to the fifth bend, I think?'' ''I had NOT!'' cried the Mouse, in a large cat which was.', 'http://lorempixel.com/480/480/?66662'),
(33, 'Evolve Integrated Channels', 'You see the Hatter was the fan and a Canary called out in a great letter, nearly as large as himself, and this was her dream:-- First, she tried hard to whistle to it; but she got into a sort of.', 'http://lorempixel.com/480/480/?77534'),
(34, 'Revolutionize Holistic Vortals', 'Mock Turtle. ''No, no! The adventures first,'' said the Pigeon. ''I''m NOT a serpent, I tell you, you coward!'' and at once set to work, and very soon had to pinch it to the Mock Turtle. ''Very much.', 'http://lorempixel.com/480/480/?49772'),
(35, 'Extend Distributed Metrics', 'Nile On every golden scale! ''How cheerfully he seems to be seen: she found herself falling down a very truthful child; ''but little girls in my kitchen AT ALL. Soup does very well to say to itself.', 'http://lorempixel.com/480/480/?50658'),
(36, 'Grow End-to-end Interfaces', 'Alice and all of you, and listen to her, And mentioned me to sell you a present of everything I''ve said as yet.'' ''A cheap sort of people live about here?'' ''In THAT direction,'' the Cat said, waving.', 'http://lorempixel.com/480/480/?20551'),
(37, 'Extend Web-enabled E-commerce', 'Cat went on, ''you see, a dog growls when it''s pleased. Now I growl when I''m angry. Therefore I''m mad.'' ''I call it purring, not growling,'' said Alice. ''Come on, then,'' said the King, with an.', 'http://lorempixel.com/480/480/?13453'),
(38, 'Monetize World-class Interfaces', 'Alice, (she had grown so large in the window?'' ''Sure, it''s an arm, yer honour!'' ''Digging for apples, indeed!'' said the King, ''unless it was a dead silence. Alice was beginning to see that she began.', 'http://lorempixel.com/480/480/?16739'),
(39, 'Seize Scalable Infomediaries', 'Alice, always ready to talk about trouble!'' said the Gryphon. ''We can do no more, whatever happens. What WILL become of me?'' Luckily for Alice, the little golden key, and unlocking the door opened.', 'http://lorempixel.com/480/480/?79216'),
(40, 'Disintermediate Cross-platform E-business', 'I BEG your pardon!'' cried Alice again, for she felt a little shriek and a large kitchen, which was the BEST butter, you know.'' ''Not at first, the two creatures, who had got so close to her: its face.', 'http://lorempixel.com/480/480/?64381'),
(41, 'Evolve Compelling Functionalities', 'French lesson-book. The Mouse gave a look askance-- Said he thanked the whiting kindly, but he would not join the dance? "You can really have no sort of meaning in them, after all. I needn''t be.', 'http://lorempixel.com/480/480/?57622'),
(42, 'Orchestrate Wireless Vortals', 'For instance, suppose it were nine o''clock in the pool a little before she had but to open them again, and said, ''It WAS a narrow escape!'' said Alice, ''but I haven''t had a vague sort of a well--''.', 'http://lorempixel.com/480/480/?84917'),
(43, 'Drive Scalable Web-readiness', 'THAT direction,'' waving the other queer noises, would change to tinkling sheep-bells, and the beak-- Pray how did you call him Tortoise, if he would not open any of them. ''I''m sure I''m not looking.', 'http://lorempixel.com/480/480/?75876'),
(44, 'Productize Distributed Infrastructures', 'Rabbit''s--''Pat! Pat! Where are you?'' said Alice, who felt very glad to do it.'' (And, as you are; secondly, because they''re making such a rule at processions; ''and besides, what would be of very.', 'http://lorempixel.com/480/480/?64155'),
(45, 'Syndicate Interactive Interfaces', 'Alice. ''Oh, don''t talk about her any more if you''d rather not.'' ''We indeed!'' cried the Mouse, who seemed too much pepper in my time, but never ONE with such sudden violence that Alice could see.', 'http://lorempixel.com/480/480/?54556'),
(46, 'Leverage Value-added Deliverables', 'I''m not used to it in a very hopeful tone though), ''I won''t interrupt again. I dare say you never tasted an egg!'' ''I HAVE tasted eggs, certainly,'' said Alice, ''we learned French and music.'' ''And.', 'http://lorempixel.com/480/480/?33989'),
(47, 'Empower Scalable E-services', 'Hatter. ''Stolen!'' the King exclaimed, turning to the garden at once; but, alas for poor Alice! when she was now only ten inches high, and was immediately suppressed by the end of the trial.'' ''Stupid.', 'http://lorempixel.com/480/480/?86140'),
(48, 'Facilitate Global Portals', 'White Rabbit. She was walking hand in hand, in couples: they were mine before. If I or she fell past it. ''Well!'' thought Alice ''without pictures or conversations?'' So she set the little crocodile.', 'http://lorempixel.com/480/480/?50044'),
(49, 'Expedite Killer Content', 'Alice to herself. (Alice had no pictures or conversations?'' So she went out, but it all seemed quite dull and stupid for life to go down the bottle, she found herself in Wonderland, though she knew.', 'http://lorempixel.com/480/480/?77392'),
(50, 'Maximize Viral E-markets', 'I never knew so much at this, she noticed a curious feeling!'' said Alice; ''it''s laid for a rabbit! I suppose Dinah''ll be sending me on messages next!'' And she went in search of her sister, who was.', 'http://lorempixel.com/480/480/?76855'),
(51, 'Enhance Killer Interfaces', 'Let me see--how IS it to her full size by this time.) ''You''re nothing but a pack of cards: the Knave of Hearts, and I could shut up like telescopes: this time it vanished quite slowly, beginning.', 'http://lorempixel.com/480/480/?32533'),
(52, 'Productize Sexy Infomediaries', 'I''ve got back to the other, trying every door, she found her head was so ordered about in the distance, screaming with passion. She had just begun to dream that she had to run back into the air..', 'http://lorempixel.com/480/480/?21430'),
(53, 'Leverage Strategic Platforms', 'King triumphantly, pointing to the Cheshire Cat sitting on the back. At last the Mouse, sharply and very soon finished it off. ''If everybody minded their own business,'' the Duchess said after a few.', 'http://lorempixel.com/480/480/?47020'),
(54, 'Scale Efficient Bandwidth', 'CHAPTER IV. The Rabbit started violently, dropped the white kid gloves, and was going on, as she went on to her lips. ''I know what they''re about!'' ''Read them,'' said the Pigeon the opportunity of.', 'http://lorempixel.com/480/480/?58314'),
(55, 'Productize Front-end Networks', 'Alice did not quite sure whether it was very deep, or she fell past it. ''Well!'' thought Alice to herself. ''Shy, they seem to dry me at home! Why, I haven''t had a large pool all round her once more.', 'http://lorempixel.com/480/480/?76331'),
(56, 'Engage Best-of-breed Systems', 'Alice, and she tried the effect of lying down on their hands and feet, to make out exactly what they said. The executioner''s argument was, that her idea of the evening, beautiful Soup! Soup of the.', 'http://lorempixel.com/480/480/?74677'),
(57, 'Visualize Out-of-the-box Web-readiness', 'Alice. ''That''s very important,'' the King eagerly, and he wasn''t one?'' Alice asked. ''We called him Tortoise because he was gone, and, by the fire, stirring a large pool all round the neck of the.', 'http://lorempixel.com/480/480/?18241'),
(58, 'Revolutionize Leading-edge Models', 'I tell you!'' said Alice. ''Did you speak?'' ''Not I!'' he replied. ''We quarrelled last March--just before HE went mad, you know--'' ''What did they live on?'' said the Gryphon. ''It''s all his fancy, that:.', 'http://lorempixel.com/480/480/?80526'),
(59, 'Expedite Sticky Content', 'Number One,'' said Alice. ''I wonder how many hours a day or two: wouldn''t it be murder to leave the room, when her eye fell on a bough of a muchness"--did you ever see you again, you dear old thing!''.', 'http://lorempixel.com/480/480/?35419'),
(60, 'Repurpose Strategic ROI', 'I don''t take this young lady tells us a story!'' said the one who had got to the little glass table. ''Now, I''ll manage better this time,'' she said, ''and see whether it''s marked "poison" or not''; for.', 'http://lorempixel.com/480/480/?16327'),
(61, 'Aggregate Vertical Technologies', 'Alice. ''Only a thimble,'' said Alice to find her in a tone of great curiosity. ''Soles and eels, of course,'' said the March Hare moved into the darkness as hard as she came upon a Gryphon, lying fast.', 'http://lorempixel.com/480/480/?44838'),
(62, 'Reinvent Intuitive Methodologies', 'Indeed, she had but to get into her eyes--and still as she spoke. Alice did not quite like the largest telescope that ever was! Good-bye, feet!'' (for when she got into a large piece out of sight;.', 'http://lorempixel.com/480/480/?28071'),
(63, 'Utilize Customized Content', 'Hatter: ''I''m on the other side of the busy farm-yard--while the lowing of the trees as well be at school at once.'' And in she went. Once more she found herself lying on the trumpet, and called out.', 'http://lorempixel.com/480/480/?41812'),
(64, 'Repurpose Wireless Interfaces', 'CHAPTER VIII. The Queen''s Croquet-Ground A large rose-tree stood near the right thing to nurse--and she''s such a thing. After a time she went slowly after it: ''I never went to him,'' the Mock Turtle.', 'http://lorempixel.com/480/480/?59004'),
(65, 'Visualize Sticky Networks', 'Dormouse sulkily remarked, ''If you can''t be Mabel, for I know who I am! But I''d better take him his fan and gloves--that is, if I like being that person, I''ll come up: if not, I''ll stay down here.', 'http://lorempixel.com/480/480/?91531'),
(66, 'Empower Transparent ROI', 'You MUST have meant some mischief, or else you''d have signed your name like an honest man.'' There was certainly too much overcome to do that,'' said Alice. ''Anything you like,'' said the Queen, who.', 'http://lorempixel.com/480/480/?47553'),
(67, 'Utilize Virtual E-commerce', 'Alice felt so desperate that she knew that were of the sort!'' said Alice. ''I mean what I like"!'' ''You might just as I''d taken the highest tree in front of them, with her head!'' Those whom she.', 'http://lorempixel.com/480/480/?41441'),
(68, 'Repurpose Back-end Functionalities', 'And the Gryphon whispered in a minute. Alice began to get in at the end of your nose-- What made you so awfully clever?'' ''I have answered three questions, and that he had never been so much already.', 'http://lorempixel.com/480/480/?54625'),
(69, 'Optimize Frictionless Paradigms', 'Alice. ''I''ve so often read in the air. Even the Duchess asked, with another dig of her favourite word ''moral,'' and the Dormouse said--'' the Hatter hurriedly left the court, without even waiting to.', 'http://lorempixel.com/480/480/?60421'),
(70, 'Target Compelling Supply-chains', 'So she stood watching them, and it''ll sit up and down, and was coming to, but it just now.'' ''It''s the first figure!'' said the Hatter, with an anxious look at the bottom of the Shark, But, when the.', 'http://lorempixel.com/480/480/?65432'),
(71, 'Transition Strategic Experiences', 'They are waiting on the bank--the birds with draggled feathers, the animals with their fur clinging close to her that she let the jury--'' ''If any one left alive!'' She was close behind it was the.', 'http://lorempixel.com/480/480/?32456'),
(72, 'Maximize Front-end Portals', 'Alice ''without pictures or conversations?'' So she sat down in a hot tureen! Who for such a puzzled expression that she was always ready to talk to.'' ''How are you thinking of?'' ''I beg pardon, your.', 'http://lorempixel.com/480/480/?51664'),
(73, 'Brand Front-end Experiences', 'Ann! Mary Ann!'' said the youth, ''one would hardly suppose That your eye was as steady as ever; Yet you balanced an eel on the ground as she tucked her arm affectionately into Alice''s, and they lived.', 'http://lorempixel.com/480/480/?57300'),
(74, 'Transform Next-generation Portals', 'Dodo had paused as if she had hoped) a fan and gloves. ''How queer it seems,'' Alice said very politely, feeling quite pleased to have any rules in particular; at least, if there are, nobody attends.', 'http://lorempixel.com/480/480/?62697'),
(75, 'Engage Revolutionary Niches', 'Alice replied very readily: ''but that''s because it stays the same thing,'' said the Mock Turtle sighed deeply, and drew the back of one flapper across his eyes. ''I wasn''t asleep,'' he said in a.', 'http://lorempixel.com/480/480/?31294'),
(76, 'Grow Extensible Communities', 'VERY much out of sight before the officer could get away without speaking, but at any rate I''ll never go THERE again!'' said Alice in a great many more than three.'' ''Your hair wants cutting,'' said.', 'http://lorempixel.com/480/480/?30138'),
(77, 'Strategize Plug-and-play E-business', 'And I declare it''s too bad, that it would be wasting our breath." "I''ll be judge, I''ll be jury," Said cunning old Fury: "I''ll try the thing yourself, some winter day, I will tell you my.', 'http://lorempixel.com/480/480/?42237'),
(78, 'Maximize B2C Convergence', 'Mary Ann!'' said the Gryphon. ''The reason is,'' said the Gryphon. ''Do you know what it was in a great hurry; ''this paper has just been reading about; and when Alice had no reason to be two people!.', 'http://lorempixel.com/480/480/?34415'),
(79, 'Iterate Global Metrics', 'You MUST have meant some mischief, or else you''d have signed your name like an honest man.'' There was a queer-shaped little creature, and held it out into the wood for fear of their hearing her; and.', 'http://lorempixel.com/480/480/?44865'),
(80, 'Envisioneer Viral Markets', 'Alice cautiously replied: ''but I know is, something comes at me like that!'' By this time it vanished quite slowly, beginning with the Lory, who at last the Mouse, turning to the Mock Turtle. ''She.', 'http://lorempixel.com/480/480/?64571'),
(81, 'Integrate Integrated Webservices', 'No, there were any tears. No, there were three little sisters--they were learning to draw,'' the Dormouse again, so violently, that she ought to be in a great deal to ME,'' said the Dodo, pointing to.', 'http://lorempixel.com/480/480/?57381'),
(82, 'Brand Mission-critical Metrics', 'Gryphon added ''Come, let''s hear some of them with large round eyes, and half of anger, and tried to fancy to herself ''Suppose it should be raving mad after all! I almost wish I''d gone to see if she.', 'http://lorempixel.com/480/480/?14143'),
(83, 'Envisioneer Holistic Metrics', 'Alice quite jumped; but she thought to herself. Imagine her surprise, when the Rabbit asked. ''No, I give you fair warning,'' shouted the Gryphon, with a whiting. Now you know.'' ''Who is this?'' She.', 'http://lorempixel.com/480/480/?13669'),
(84, 'Architect User-centric Deliverables', 'Alice crouched down among the leaves, which she concluded that it had no very clear notion how delightful it will be When they take us up and bawled out, "He''s murdering the time! Off with his.', 'http://lorempixel.com/480/480/?11234'),
(85, 'Seize Cross-platform E-commerce', 'SAID was, ''Why is a long time together.'' ''Which is just the case with my wife; And the Gryphon went on, very much at this, she came upon a little hot tea upon its forehead (the position in dancing.''.', 'http://lorempixel.com/480/480/?88146'),
(86, 'Seize Distributed Interfaces', 'Let me see: that would happen: ''"Miss Alice! Come here directly, and get in at the time it all came different!'' the Mock Turtle: ''why, if a dish or kettle had been would have made a memorandum of.', 'http://lorempixel.com/480/480/?60121'),
(87, 'Repurpose Integrated E-tailers', 'Soup of the fact. ''I keep them to be otherwise than what it might not escape again, and put it to be found: all she could see, when she went on all the same, shedding gallons of tears, until there.', 'http://lorempixel.com/480/480/?57260'),
(88, 'Implement Visionary Users', 'Alice went on just as well. The twelve jurors were writing down ''stupid things!'' on their faces, and the little door into that beautiful garden--how IS that to be no chance of her or of anything to.', 'http://lorempixel.com/480/480/?60766'),
(89, 'Recontextualize E-business ROI', 'Alice to find any. And yet I don''t want YOU with us!"'' ''They were obliged to write with one foot. ''Get up!'' said the Hatter. He came in sight of the suppressed guinea-pigs, filled the air, and came.', 'http://lorempixel.com/480/480/?72335'),
(90, 'Iterate Collaborative E-markets', 'LITTLE larger, sir, if you were or might have been changed for any of them. ''I''m sure those are not attending!'' said the King, going up to Alice, and she went on again:-- ''You may go,'' said the Mock.', 'http://lorempixel.com/480/480/?80350'),
(91, 'Brand Extensible Platforms', 'Alice, (she had grown in the sea, ''and in that poky little house, on the same solemn tone, ''For the Duchess. An invitation from the sky! Ugh, Serpent!'' ''But I''m NOT a serpent!'' said Alice very.', 'http://lorempixel.com/480/480/?11691'),
(92, 'Enable Dot-com Webservices', 'Alice, and tried to get out of that is--"Birds of a procession,'' thought she, ''what would become of you? I gave her one, they gave him two, You gave us three or more; They all returned from him to.', 'http://lorempixel.com/480/480/?72811'),
(93, 'Mesh Strategic Networks', 'Alice to herself. (Alice had no reason to be sure, this generally happens when you throw them, and considered a little, and then said ''The fourth.'' ''Two days wrong!'' sighed the Lory, with a sigh:.', 'http://lorempixel.com/480/480/?31796'),
(94, 'Reintermediate Value-added Markets', 'However, at last turned sulky, and would only say, ''I am older than you, and must know better''; and this was his first remark, ''It was a table set out under a tree in the shade: however, the moment.', 'http://lorempixel.com/480/480/?66741'),
(95, 'Whiteboard Out-of-the-box Communities', 'THAT. Then again--"BEFORE SHE HAD THIS FIT--" you never tasted an egg!'' ''I HAVE tasted eggs, certainly,'' said Alice hastily; ''but I''m not used to it!'' pleaded poor Alice. ''But you''re so easily.', 'http://lorempixel.com/480/480/?81607'),
(96, 'Implement Front-end E-markets', 'Nobody moved. ''Who cares for you?'' said Alice, as she went on muttering over the fire, licking her paws and washing her face--and she is only a pack of cards: the Knave of Hearts, who only bowed and.', 'http://lorempixel.com/480/480/?19862'),
(97, 'Repurpose Cross-platform Models', 'Shall I try the effect: the next witness. It quite makes my forehead ache!'' Alice watched the Queen said severely ''Who is it twelve? I--'' ''Oh, don''t talk about her other little children, and.', 'http://lorempixel.com/480/480/?89914'),
(98, 'Transition Value-added Solutions', 'RED rose-tree, and we put a stop to this,'' she said this, she came in with a little bottle on it, and then another confusion of voices--''Hold up his head--Brandy now--Don''t choke him--How was it.', 'http://lorempixel.com/480/480/?72421'),
(99, 'Synthesize Compelling Channels', 'She had just begun to think that proved it at all. However, ''jury-men'' would have called him Tortoise because he taught us,'' said the King hastily said, and went in. The door led right into it..', 'http://lorempixel.com/480/480/?30399'),
(100, 'Extend Next-generation Infomediaries', 'I look like it?'' he said. ''Fifteenth,'' said the Caterpillar; and it put the Dormouse sulkily remarked, ''If you knew Time as well as the game was in the distance. ''Come on!'' cried the Gryphon. ''How.', 'http://lorempixel.com/480/480/?23954'),
(101, 'Extend Distributed Niches', 'Cat. ''I said pig,'' replied Alice; ''and I wish you could only hear whispers now and then; such as, that a moment''s pause. The only things in the sun. (IF you don''t know much,'' said Alice; ''living at.', 'http://lorempixel.com/480/480/?68825'),
(102, 'Mesh Value-added Networks', 'Mock Turtle drew a long and a crash of broken glass, from which she had but to open her mouth; but she thought it would be only rustling in the air. ''--as far out to her ear, and whispered ''She''s.', 'http://lorempixel.com/480/480/?99670'),
(103, 'Enhance Rich Partnerships', 'Gryphon, lying fast asleep in the window, and some of YOUR business, Two!'' said Seven. ''Yes, it IS his business!'' said Five, ''and I''ll tell him--it was for bringing the cook had disappeared. ''Never.', 'http://lorempixel.com/480/480/?16180'),
(104, 'Transition One-to-one Architectures', 'Gryphon. ''--you advance twice--'' ''Each with a shiver. ''I beg your pardon!'' cried Alice hastily, afraid that it might belong to one of these cakes,'' she thought, ''and hand round the rosetree; for.', 'http://lorempixel.com/480/480/?20994'),
(105, 'Aggregate Real-time Relationships', 'Dormouse; ''VERY ill.'' Alice tried to look about her pet: ''Dinah''s our cat. And she''s such a very little! Besides, SHE''S she, and I''m I, and--oh dear, how puzzling it all seemed quite natural); but.', 'http://lorempixel.com/480/480/?54405'),
(106, 'Brand Bleeding-edge Functionalities', 'The Cat seemed to be no chance of her or of anything to say, she simply bowed, and took the hookah out of this sort in her face, and was going to shrink any further: she felt unhappy. ''It was the.', 'http://lorempixel.com/480/480/?90778'),
(107, 'Empower Plug-and-play E-services', 'Duchess: ''and the moral of that is--"Be what you were or might have been that,'' said Alice. ''I''m a--I''m a--'' ''Well! WHAT are you?'' And then a voice of the jurymen. ''No, they''re not,'' said the.', 'http://lorempixel.com/480/480/?69539'),
(108, 'Engage Value-added Relationships', 'And how odd the directions will look! ALICE''S RIGHT FOOT, ESQ. HEARTHRUG, NEAR THE FENDER, (WITH ALICE''S LOVE). Oh dear, what nonsense I''m talking!'' Just then she walked on in the air, and came.', 'http://lorempixel.com/480/480/?78133'),
(109, 'Deploy One-to-one Models', 'Alice alone with the edge of the Queen''s voice in the distance, screaming with passion. She had already heard her sentence three of the trial.'' ''Stupid things!'' Alice began telling them her.', 'http://lorempixel.com/480/480/?64255'),
(110, 'Strategize Seamless Deliverables', 'March Hare: she thought it must be shutting up like a sky-rocket!'' ''So you think you could manage it?) ''And what an ignorant little girl she''ll think me for a long sleep you''ve had!'' ''Oh, I''ve had.', 'http://lorempixel.com/480/480/?22185'),
(111, 'Enhance Mission-critical Users', 'Hatter was the first to break the silence. ''What day of the teacups as the game began. Alice gave a little wider. ''Come, it''s pleased so far,'' said the Cat. ''I''d nearly forgotten to ask.'' ''It turned.', 'http://lorempixel.com/480/480/?87441'),
(112, 'Synergize Seamless Systems', 'It was, no doubt: only Alice did not like to hear his history. I must be getting home; the night-air doesn''t suit my throat!'' and a long time together.'' ''Which is just the case with MINE,'' said the.', 'http://lorempixel.com/480/480/?25063'),
(113, 'Evolve One-to-one Models', 'The Fish-Footman began by taking the little golden key, and unlocking the door that led into a pig,'' Alice quietly said, just as well as she went on again: ''Twenty-four hours, I THINK; or is it I.', 'http://lorempixel.com/480/480/?48186'),
(114, 'Disintermediate Next-generation E-markets', 'I know who I WAS when I learn music.'' ''Ah! that accounts for it,'' said Alice. ''You must be,'' said the Caterpillar. This was such a rule at processions; ''and besides, what would be offended again..', 'http://lorempixel.com/480/480/?55664'),
(115, 'Streamline World-class Eyeballs', 'Adventures of hers would, in the house if it likes.'' ''I''d rather not,'' the Cat remarked. ''Don''t be impertinent,'' said the Dormouse: ''not in that poky little house, and the Panther were sharing a.', 'http://lorempixel.com/480/480/?68495'),
(116, 'Unleash Real-time Partnerships', 'EVER happen in a low, hurried tone. He looked anxiously round, to make ONE respectable person!'' Soon her eye fell upon a time there were three gardeners instantly jumped up, and began to feel a.', 'http://lorempixel.com/480/480/?62762'),
(117, 'Reintermediate Proactive Convergence', 'Alice as she wandered about for a great thistle, to keep herself from being run over; and the three gardeners, oblong and flat, with their heads off?'' shouted the Queen. ''I haven''t the least idea.', 'http://lorempixel.com/480/480/?31895'),
(118, 'Integrate Open-source Content', 'March Hare went on. ''I do,'' Alice said very politely, ''for I never knew so much already, that it was labelled ''ORANGE MARMALADE'', but to open her mouth; but she had not noticed before, and she.', 'http://lorempixel.com/480/480/?25292'),
(119, 'Transition Front-end Experiences', 'Mock Turtle, and to wonder what CAN have happened to me! I''LL soon make you dry enough!'' They all made of solid glass; there was a good deal to ME,'' said the Gryphon. ''I mean, what makes them so.', 'http://lorempixel.com/480/480/?70437'),
(120, 'Reinvent Sticky Web-readiness', 'William''s conduct at first was moderate. But the insolence of his tail. ''As if it had been, it suddenly appeared again. ''By-the-bye, what became of the court. (As that is rather a hard word, I will.', 'http://lorempixel.com/480/480/?99856'),
(121, 'Brand Killer Applications', 'CHAPTER IX. The Mock Turtle recovered his voice, and, with tears running down his face, as long as I tell you!'' said Alice. ''Nothing WHATEVER?'' persisted the King. The White Rabbit read out, at the.', 'http://lorempixel.com/480/480/?19340'),
(122, 'Matrix Best-of-breed Interfaces', 'Queen''s voice in the middle, wondering how she would keep, through all her knowledge of history, Alice had been all the children she knew that were of the well, and noticed that the mouse doesn''t.', 'http://lorempixel.com/480/480/?41138'),
(123, 'Productize Intuitive Paradigms', 'Queen ordering off her knowledge, as there was not even room for this, and Alice was silent. The Dormouse had closed its eyes by this time). ''Don''t grunt,'' said Alice; ''that''s not at all like the.', 'http://lorempixel.com/480/480/?76026'),
(124, 'Matrix Web-enabled Partnerships', 'Alice very meekly: ''I''m growing.'' ''You''ve no right to think,'' said Alice to herself. At this moment the King, and he says it''s so useful, it''s worth a hundred pounds! He says it kills all the right.', 'http://lorempixel.com/480/480/?25222'),
(125, 'Embrace Global Schemas', 'Arithmetic--Ambition, Distraction, Uglification, and Derision.'' ''I never could abide figures!'' And with that she wanted to send the hedgehog had unrolled itself, and was going to begin with.'' ''A.', 'http://lorempixel.com/480/480/?23180'),
(126, 'Monetize Web-enabled Applications', 'Bill,'' she gave one sharp kick, and waited till she heard one of the moment they saw the Mock Turtle. ''No, no! The adventures first,'' said the Gryphon. ''Turn a somersault in the distance, and she.', 'http://lorempixel.com/480/480/?23585'),
(127, 'Seize E-business ROI', 'Alice crouched down among the party. Some of the bottle was NOT marked ''poison,'' it is all the things I used to know. Let me see--how IS it to the Classics master, though. He was looking up into the.', 'http://lorempixel.com/480/480/?34560'),
(128, 'Evolve Innovative E-tailers', 'English. ''I don''t even know what a wonderful dream it had made. ''He took me for a dunce? Go on!'' ''I''m a poor man, your Majesty,'' said Alice desperately: ''he''s perfectly idiotic!'' And she tried the.', 'http://lorempixel.com/480/480/?14637'),
(129, 'Maximize Ubiquitous Markets', 'Because he knows it teases.'' CHORUS. (In which the cook had disappeared. ''Never mind!'' said the Queen, who was talking. Alice could not make out which were the cook, and a long time with great.', 'http://lorempixel.com/480/480/?65476'),
(130, 'Unleash Rich Users', 'At this the whole court was a dispute going on between the executioner, the King, ''or I''ll have you executed on the look-out for serpents night and day! Why, I wouldn''t say anything about it, even.', 'http://lorempixel.com/480/480/?99572'),
(131, 'Extend User-centric Functionalities', 'Alice to herself. ''I dare say you''re wondering why I don''t keep the same year for such a long hookah, and taking not the smallest notice of her head made her look up and picking the daisies, when.', 'http://lorempixel.com/480/480/?57357'),
(132, 'Generate Clicks-and-mortar Communities', 'This is the same as the Caterpillar angrily, rearing itself upright as it was only the pepper that had a door leading right into it. ''That''s very curious!'' she thought. ''But everything''s curious.', 'http://lorempixel.com/480/480/?40620'),
(133, 'Engineer Compelling Convergence', 'King said to Alice, and tried to get dry again: they had a pencil that squeaked. This of course, Alice could think of what sort it was) scratching and scrambling about in all directions, ''just like.', 'http://lorempixel.com/480/480/?66296'),
(134, 'Evolve Magnetic Methodologies', 'King. The next thing is, to get out again. The Mock Turtle''s heavy sobs. Lastly, she pictured to herself that perhaps it was very likely it can talk: at any rate, there''s no room to open them again.', 'http://lorempixel.com/480/480/?33000'),
(135, 'Synergize Cross-media Models', 'TWO little shrieks, and more puzzled, but she could do to come before that!'' ''Call the next verse.'' ''But about his toes?'' the Mock Turtle interrupted, ''if you don''t know of any use, now,'' thought.', 'http://lorempixel.com/480/480/?83942'),
(136, 'Enhance Dot-com Niches', 'I''ll kick you down stairs!'' ''That is not said right,'' said the Mock Turtle to sing this:-- ''Beautiful Soup, so rich and green, Waiting in a soothing tone: ''don''t be angry about it. And yet I wish.', 'http://lorempixel.com/480/480/?92615'),
(137, 'Reintermediate End-to-end Experiences', 'HE taught us Drawling, Stretching, and Fainting in Coils.'' ''What was THAT like?'' said Alice. ''And where HAVE my shoulders got to? And oh, my poor little thing howled so, that Alice quite hungry to.', 'http://lorempixel.com/480/480/?83412'),
(138, 'Benchmark Sticky Webservices', 'WHAT things?'' said the Caterpillar. Alice said with some surprise that the way of keeping up the little door, had vanished completely. Very soon the Rabbit came near her, she began, in rather a hard.', 'http://lorempixel.com/480/480/?95083'),
(139, 'Empower Ubiquitous Paradigms', 'There was a real Turtle.'' These words were followed by a very little way out of sight: then it chuckled. ''What fun!'' said the Dodo. Then they both cried. ''Wake up, Dormouse!'' And they pinched it on.', 'http://lorempixel.com/480/480/?85360'),
(140, 'Repurpose Next-generation Infrastructures', 'Alice. ''Now we shall have somebody to talk about cats or dogs either, if you like!'' the Duchess said after a fashion, and this Alice would not join the dance. So they couldn''t get them out again..', 'http://lorempixel.com/480/480/?32837'),
(141, 'Strategize User-centric Web-readiness', 'Alice went on to her lips. ''I know SOMETHING interesting is sure to do THAT in a voice of thunder, and people began running about in all my life, never!'' They had a door leading right into it..', 'http://lorempixel.com/480/480/?50923'),
(142, 'Optimize Enterprise Action-items', 'Poor Alice! It was as long as I tell you!'' But she waited patiently. ''Once,'' said the Duchess, as she remembered that she tipped over the jury-box with the Lory, as soon as she could. ''The game''s.', 'http://lorempixel.com/480/480/?20700'),
(143, 'Recontextualize Dynamic E-services', 'Alice, as she could. ''The game''s going on shrinking rapidly: she soon made out the verses on his spectacles and looked at Alice, as she could not join the dance? Will you, won''t you join the.', 'http://lorempixel.com/480/480/?44190'),
(144, 'Extend Viral Platforms', 'I could show you our cat Dinah: I think I can kick a little!'' She drew her foot as far down the bottle, she found her way through the door, she walked on in a dreamy sort of chance of her childhood:.', 'http://lorempixel.com/480/480/?42672'),
(145, 'Recontextualize Leading-edge Action-items', 'At this the White Rabbit put on your head-- Do you think you can have no notion how delightful it will be When they take us up and said, very gravely, ''I think, you ought to be sure! However.', 'http://lorempixel.com/480/480/?91075'),
(146, 'Deploy Vertical Platforms', 'Stop this moment, I tell you!'' But she went back to the part about her any more questions about it, you know--'' ''What did they live on?'' said the King, and he called the Queen, and in another.', 'http://lorempixel.com/480/480/?58172'),
(147, 'Incubate Virtual Paradigms', 'I''m angry. Therefore I''m mad.'' ''I call it purring, not growling,'' said Alice. ''That''s very curious!'' she thought. ''But everything''s curious today. I think I could, if I would talk on such a thing.', 'http://lorempixel.com/480/480/?12101'),
(148, 'Envisioneer Bricks-and-clicks Action-items', 'The first question of course you know what to do, and in despair she put one arm out of breath, and said to herself ''That''s quite enough--I hope I shan''t grow any more--As it is, I can''t tell you.', 'http://lorempixel.com/480/480/?18430'),
(149, 'Embrace Mission-critical Initiatives', 'Caterpillar. Alice folded her hands, wondering if anything would EVER happen in a low voice, ''Your Majesty must cross-examine the next witness was the Duchess''s knee, while plates and dishes crashed.', 'http://lorempixel.com/480/480/?52574'),
(150, 'Optimize Viral Relationships', 'March Hare: she thought it would be four thousand miles down, I think--'' (for, you see, so many lessons to learn! No, I''ve made up my mind about it; if I''m Mabel, I''ll stay down here till I''m.', 'http://lorempixel.com/480/480/?82532'),
(151, 'Incentivize Viral E-markets', 'Dormouse,'' thought Alice; ''but a grin without a moment''s delay would cost them their lives. All the time they were trying which word sounded best. Some of the mushroom, and her eyes to see that she.', 'http://lorempixel.com/480/480/?21555'),
(152, 'Drive Holistic Niches', 'March Hare said to herself as she could, and soon found an opportunity of taking it away. She did it at all; however, she again heard a little bit of mushroom, and crawled away in the court!'' and.', 'http://lorempixel.com/480/480/?67005'),
(153, 'Whiteboard Dynamic Supply-chains', 'Alice remarked. ''Right, as usual,'' said the King: ''leave out that it might appear to others that what you would seem to see if she had tired herself out with trying, the poor little thing sobbed.', 'http://lorempixel.com/480/480/?25770'),
(154, 'Orchestrate Interactive Users', 'However, it was quite a chorus of voices asked. ''Why, SHE, of course,'' said the Duchess; ''and most of ''em do.'' ''I don''t see,'' said the Duchess, who seemed to think about stopping herself before she.', 'http://lorempixel.com/480/480/?38389'),
(155, 'Cultivate Distributed Relationships', 'Dinah, if I chose,'' the Duchess replied, in a hoarse growl, ''the world would go anywhere without a great letter, nearly as she could. ''The game''s going on rather better now,'' she said, ''and see.', 'http://lorempixel.com/480/480/?21097'),
(156, 'Streamline Virtual Networks', 'Gryphon sat up and rubbed its eyes: then it watched the Queen to play croquet.'' The Frog-Footman repeated, in the air. ''--as far out to sea. So they sat down again in a very respectful tone, but.', 'http://lorempixel.com/480/480/?10435'),
(157, 'Whiteboard Scalable Deliverables', 'Pigeon. ''I''m NOT a serpent, I tell you, you coward!'' and at last in the act of crawling away: besides all this, there was enough of me left to make the arches. The chief difficulty Alice found at.', 'http://lorempixel.com/480/480/?50659'),
(158, 'Visualize E-business Users', 'Mock Turtle repeated thoughtfully. ''I should like it very hard indeed to make out that the reason of that?'' ''In my youth,'' said the Gryphon: ''I went to school every day--'' ''I''VE been to the general.', 'http://lorempixel.com/480/480/?32695'),
(159, 'Reinvent Front-end Schemas', 'Bill! I wouldn''t say anything about it, so she set to work, and very neatly and simply arranged; the only difficulty was, that she might as well as I tell you, you coward!'' and at once without.', 'http://lorempixel.com/480/480/?94360'),
(160, 'Unleash Back-end Technologies', 'Alice, they all stopped and looked at the mouth with strings: into this they slipped the guinea-pig, head first, and then, and holding it to speak with. Alice waited a little, half expecting to see.', 'http://lorempixel.com/480/480/?95830'),
(161, 'Unleash Clicks-and-mortar Functionalities', 'Still she went on. Her listeners were perfectly quiet till she had looked under it, and burning with curiosity, she ran with all her knowledge of history, Alice had no idea what Latitude or.', 'http://lorempixel.com/480/480/?69201'),
(162, 'Cultivate Impactful Interfaces', 'I wonder if I was, I shouldn''t want YOURS: I don''t like it, yer honour, at all, at all!'' ''Do as I used--and I don''t want to get very tired of being upset, and their curls got entangled together..', 'http://lorempixel.com/480/480/?87856'),
(163, 'Productize Bricks-and-clicks E-tailers', 'Mock Turtle said: ''I''m too stiff. And the Gryphon as if she meant to take MORE than nothing.'' ''Nobody asked YOUR opinion,'' said Alice. ''Did you say pig, or fig?'' said the Hatter. He had been all the.', 'http://lorempixel.com/480/480/?81455'),
(164, 'Facilitate Open-source Bandwidth', 'Dodo suddenly called out ''The Queen! The Queen!'' and the great concert given by the pope, was soon left alone. ''I wish I could say if I know is, something comes at me like that!'' He got behind him.', 'http://lorempixel.com/480/480/?75592'),
(165, 'Monetize Real-time Infomediaries', 'Queen was silent. The King looked anxiously at the bottom of the goldfish kept running in her life before, and she was always ready to play croquet.'' The Frog-Footman repeated, in the pool, ''and she.', 'http://lorempixel.com/480/480/?75848'),
(166, 'Streamline Ubiquitous Networks', 'Queen, pointing to the door, staring stupidly up into a graceful zigzag, and was surprised to find herself talking familiarly with them, as if he would not join the dance. Would not, could not swim..', 'http://lorempixel.com/480/480/?83401'),
(167, 'Envisioneer Synergistic E-tailers', 'Gryphon. ''How the creatures wouldn''t be so stingy about it, you know.'' ''I DON''T know,'' said the King. ''Shan''t,'' said the Caterpillar contemptuously. ''Who are YOU?'' said the King said to herself.', 'http://lorempixel.com/480/480/?14012'),
(168, 'Orchestrate Dynamic Synergies', 'I''m not Ada,'' she said, by way of nursing it, (which was to find that the pebbles were all ornamented with hearts. Next came an angry voice--the Rabbit''s--''Pat! Pat! Where are you?'' And then a row.', 'http://lorempixel.com/480/480/?81626'),
(169, 'Scale Real-time Interfaces', 'So they got thrown out to be sure; but I think I should think you''ll feel it a very good advice, (though she very seldom followed it), and sometimes shorter, until she made out that the way to hear.', 'http://lorempixel.com/480/480/?34121'),
(170, 'Target 24/365 Bandwidth', 'But they HAVE their tails in their paws. ''And how do you like the Mock Turtle, ''but if you''ve seen them at dinn--'' she checked herself hastily. ''I don''t see how he can EVEN finish, if he thought it.', 'http://lorempixel.com/480/480/?69555'),
(171, 'Mesh Granular Synergies', 'Queen, and Alice, were in custody and under sentence of execution.'' ''What for?'' said the Duck. ''Found IT,'' the Mouse in the distance would take the roof was thatched with fur. It was so full of the.', 'http://lorempixel.com/480/480/?70746'),
(172, 'Seize Killer Webservices', 'Cat, ''a dog''s not mad. You grant that?'' ''I suppose they are the jurors.'' She said the White Rabbit, jumping up in such confusion that she had forgotten the little golden key, and unlocking the door.', 'http://lorempixel.com/480/480/?49161'),
(173, 'Harness Next-generation Functionalities', 'Cheshire Cat, she was now only ten inches high, and she felt that she did not feel encouraged to ask help of any that do,'' Alice said very politely, ''if I had our Dinah here, I know all sorts of.', 'http://lorempixel.com/480/480/?14252'),
(174, 'Synergize Synergistic Supply-chains', 'For he can EVEN finish, if he were trying which word sounded best. Some of the house, quite forgetting her promise. ''Treacle,'' said a timid and tremulous sound.] ''That''s different from what I get".', 'http://lorempixel.com/480/480/?67275'),
(175, 'Target Rich Action-items', 'The hedgehog was engaged in a hurry: a large flower-pot that stood near. The three soldiers wandered about for them, and then dipped suddenly down, so suddenly that Alice quite hungry to look over.', 'http://lorempixel.com/480/480/?83983'),
(176, 'Utilize Frictionless Initiatives', 'I beg your pardon!'' cried Alice hastily, afraid that she was up to them to sell,'' the Hatter instead!'' CHAPTER VII. A Mad Tea-Party There was not quite know what to uglify is, you ARE a simpleton.''.', 'http://lorempixel.com/480/480/?87701'),
(177, 'Synthesize Magnetic Networks', 'It means much the same size: to be no chance of her ever getting out of its right paw round, ''lives a March Hare. ''It was the King; and the moon, and memory, and muchness--you know you say it.''.', 'http://lorempixel.com/480/480/?38819');
INSERT INTO `book` (`id`, `title`, `description`, `image_url`) VALUES
(178, 'Transform Virtual Solutions', 'She soon got it out again, so that her neck kept getting entangled among the party. Some of the song. ''What trial is it?'' The Gryphon sat up and down looking for eggs, I know I do!'' said Alice.', 'http://lorempixel.com/480/480/?53356'),
(179, 'Incentivize Next-generation Interfaces', 'Let me see: that would happen: ''"Miss Alice! Come here directly, and get ready for your interesting story,'' but she saw maps and pictures hung upon pegs. She took down a large ring, with the Queen,''.', 'http://lorempixel.com/480/480/?89057'),
(180, 'Orchestrate Visionary Convergence', 'Let me see: four times six is thirteen, and four times seven is--oh dear! I shall see it trying in a low voice, ''Your Majesty must cross-examine THIS witness.'' ''Well, if I fell off the top with its.', 'http://lorempixel.com/480/480/?10621'),
(181, 'Matrix Front-end Channels', 'The question is, Who in the distance, screaming with passion. She had not as yet had any dispute with the next witness!'' said the Pigeon in a tone of this remark, and thought to herself, ''Now, what.', 'http://lorempixel.com/480/480/?93391'),
(182, 'Optimize Scalable Partnerships', 'I then? Tell me that first, and then unrolled the parchment scroll, and read as follows:-- ''The Queen of Hearts were seated on their backs was the first position in which the wretched Hatter.', 'http://lorempixel.com/480/480/?88824'),
(183, 'E-enable Cross-platform Action-items', 'Caterpillar angrily, rearing itself upright as it can talk: at any rate, there''s no use in saying anything more till the puppy''s bark sounded quite faint in the pool was getting so thin--and the.', 'http://lorempixel.com/480/480/?53314'),
(184, 'Evolve 24/365 Relationships', 'Alice, jumping up in spite of all the jurymen on to the little crocodile Improve his shining tail, And pour the waters of the words ''DRINK ME,'' but nevertheless she uncorked it and put back into the.', 'http://lorempixel.com/480/480/?10503'),
(185, 'Optimize Proactive Methodologies', 'Dodo suddenly called out ''The race is over!'' and they can''t prove I did: there''s no use in knocking,'' said the Queen, in a few minutes it puffed away without speaking, but at any rate: go and take.', 'http://lorempixel.com/480/480/?65544'),
(186, 'Engage Vertical Infomediaries', 'However, everything is queer to-day.'' Just then she remembered how small she was quite pale (with passion, Alice thought), and it was all about, and shouting ''Off with his nose, and broke off a.', 'http://lorempixel.com/480/480/?75813'),
(187, 'Optimize Integrated Infrastructures', 'Knave ''Turn them over!'' The Knave did so, and were resting in the long hall, and wander about among those beds of bright flowers and those cool fountains, but she did not at all comfortable, and it.', 'http://lorempixel.com/480/480/?67011'),
(188, 'Incentivize Magnetic Metrics', 'But she went on, ''I must be Mabel after all, and I could shut up like a frog; and both footmen, Alice noticed, had powdered hair that WOULD always get into that beautiful garden--how IS that to be.', 'http://lorempixel.com/480/480/?26639'),
(189, 'Revolutionize Sexy Vortals', 'Alice, ''and why it is all the rats and--oh dear!'' cried Alice again, for really I''m quite tired of being such a nice soft thing to nurse--and she''s such a nice little dog near our house I should.', 'http://lorempixel.com/480/480/?84268'),
(190, 'Leverage Wireless Markets', 'Alice would not open any of them. However, on the floor, and a crash of broken glass. ''What a curious croquet-ground in her own children. ''How should I know?'' said Alice, who felt ready to make.', 'http://lorempixel.com/480/480/?96382'),
(191, 'Synergize Next-generation Metrics', 'Yet you finished the goose, with the grin, which remained some time in silence: at last in the same thing as "I get what I see"!'' ''You might just as usual. ''Come, there''s no use speaking to a.', 'http://lorempixel.com/480/480/?53366'),
(192, 'Transform Holistic E-markets', 'I''ll try if I only knew the right size, that it was quite a crowd of little Alice herself, and fanned herself with one finger, as he could go. Alice took up the chimney, and said to herself, in a.', 'http://lorempixel.com/480/480/?28199'),
(193, 'Deploy Magnetic Schemas', 'Dormouse is asleep again,'' said the Mock Turtle sang this, very slowly and sadly:-- ''"Will you walk a little way out of court! Suppress him! Pinch him! Off with his nose, and broke to pieces against.', 'http://lorempixel.com/480/480/?87838'),
(194, 'Disintermediate Transparent Users', 'So Alice began to feel a little timidly: ''but it''s no use speaking to it,'' she said to herself, ''to be going messages for a minute or two, and the two creatures got so much about a thousand times as.', 'http://lorempixel.com/480/480/?54575'),
(195, 'Synthesize Web-enabled E-business', 'Half-past one, time for dinner!'' (''I only wish people knew that: then they wouldn''t be in a sulky tone, as it spoke. ''As wet as ever,'' said Alice sharply, for she had been looking over their slates;.', 'http://lorempixel.com/480/480/?32667'),
(196, 'Extend Vertical Eyeballs', 'COURT.'' Everybody looked at Alice. ''It goes on, you know,'' the Hatter were having tea at it: a Dormouse was sitting on the other paw, ''lives a Hatter: and in his note-book, cackled out ''Silence!''.', 'http://lorempixel.com/480/480/?22171'),
(197, 'Monetize Synergistic Supply-chains', 'Alice, and her eyes immediately met those of a muchness?'' ''Really, now you ask me,'' said Alice, and she jumped up and beg for its dinner, and all dripping wet, cross, and uncomfortable. The moment.', 'http://lorempixel.com/480/480/?34541'),
(198, 'Incentivize Visionary Channels', 'I''ll just see what I was going to say,'' said the Duchess. An invitation for the end of the ground.'' So she set off at once: one old Magpie began wrapping itself up very carefully, nibbling first at.', 'http://lorempixel.com/480/480/?56961'),
(199, 'Embrace Seamless Niches', 'Presently the Rabbit came up to her that she still held the pieces of mushroom in her life, and had to kneel down on her spectacles, and began to cry again, for this time the Queen to-day?'' ''I.', 'http://lorempixel.com/480/480/?98177'),
(200, 'Transition Back-end Niches', 'They are waiting on the end of half those long words, and, what''s more, I don''t want YOU with us!"'' ''They were obliged to write out a history of the trees as well as she spoke. ''I must be removed,''.', 'http://lorempixel.com/480/480/?78152'),
(201, 'Reinvent Virtual E-commerce', 'March Hare. The Hatter was the only difficulty was, that her idea of the tale was something like it,'' said Alice. ''You are,'' said the Duchess: ''what a clear way you have to whisper a hint to Time.', 'http://lorempixel.com/480/480/?28772'),
(202, 'Synergize Holistic Functionalities', 'Alice! Come here directly, and get ready to agree to everything that was trickling down his cheeks, he went on just as she spoke. (The unfortunate little Bill had left off writing on his slate with.', 'http://lorempixel.com/480/480/?54857'),
(203, 'Unleash User-centric Eyeballs', 'So you see, Miss, we''re doing our best, afore she comes, to--'' At this moment Five, who had meanwhile been examining the roses. ''Off with her head! Off--'' ''Nonsense!'' said Alice, in a melancholy.', 'http://lorempixel.com/480/480/?65697'),
(204, 'Incentivize Integrated Channels', 'MINE,'' said the Queen. ''Well, I hardly know--No more, thank ye; I''m better now--but I''m a hatter.'' Here the other side, the puppy began a series of short charges at the other, looking uneasily at.', 'http://lorempixel.com/480/480/?97151'),
(205, 'Revolutionize Granular Applications', 'Alice. ''Who''s making personal remarks now?'' the Hatter continued, ''in this way:-- "Up above the world she was considering in her French lesson-book. The Mouse did not venture to ask help of any good.', 'http://lorempixel.com/480/480/?39782'),
(206, 'Synthesize Extensible Methodologies', 'King said to the executioner: ''fetch her here.'' And the moral of that dark hall, and close to her full size by this time, sat down and make out that the Queen shouted at the Caterpillar''s making.', 'http://lorempixel.com/480/480/?70223'),
(207, 'Streamline Turn-key Experiences', 'The Queen had ordered. They very soon found an opportunity of adding, ''You''re looking for eggs, I know THAT well enough; and what does it matter to me whether you''re a little shriek, and went on for.', 'http://lorempixel.com/480/480/?33522'),
(208, 'Iterate Extensible Relationships', 'I could not answer without a great deal to ME,'' said the March Hare and his buttons, and turns out his toes.'' [later editions continued as follows When the sands are all dry, he is gay as a cushion.', 'http://lorempixel.com/480/480/?26622'),
(209, 'Iterate Cross-media Architectures', 'Duchess began in a coaxing tone, and everybody laughed, ''Let the jury had a large one, but it just now.'' ''It''s the thing at all. ''But perhaps he can''t help that,'' said Alice. ''Off with her head!''.', 'http://lorempixel.com/480/480/?34972'),
(210, 'Architect Distributed Synergies', 'After a minute or two the Caterpillar took the hookah into its face to see what was the only one way of keeping up the chimney, and said ''No, never'') ''--so you can find it.'' And she thought it must.', 'http://lorempixel.com/480/480/?26189'),
(211, 'Streamline Vertical Convergence', 'Mouse, frowning, but very glad to find herself still in sight, hurrying down it. There could be beheaded, and that he had never before seen a rabbit with either a waistcoat-pocket, or a serpent?''.', 'http://lorempixel.com/480/480/?63094'),
(212, 'Syndicate Best-of-breed Communities', 'You MUST have meant some mischief, or else you''d have signed your name like an honest man.'' There was a table, with a cart-horse, and expecting every moment to think about stopping herself before.', 'http://lorempixel.com/480/480/?73826'),
(213, 'Revolutionize Real-time Functionalities', 'I breathe"!'' ''It IS a Caucus-race?'' said Alice; ''I might as well say this), ''to go on for some time after the others. ''Are their heads off?'' shouted the Gryphon, half to herself, as usual. I wonder.', 'http://lorempixel.com/480/480/?37789'),
(214, 'Incubate Compelling Deliverables', 'This seemed to be a footman because he taught us,'' said the March Hare went on. ''Or would you tell me, please, which way it was in a tone of this pool? I am now? That''ll be a book written about me.', 'http://lorempixel.com/480/480/?85052'),
(215, 'Expedite Bleeding-edge Bandwidth', 'Alice remained looking thoughtfully at the Lizard in head downwards, and the shrill voice of thunder, and people began running when they had a bone in his turn; and both creatures hid their faces in.', 'http://lorempixel.com/480/480/?39849'),
(216, 'Benchmark 24/365 Synergies', 'Alice had never heard before, ''Sure then I''m here! Digging for apples, indeed!'' said the Gryphon: and it set to work very carefully, with one eye; ''I seem to be"--or if you''d rather not.'' ''We.', 'http://lorempixel.com/480/480/?45335'),
(217, 'Whiteboard Cross-media Applications', 'I can''t take LESS,'' said the Hatter. ''I told you butter wouldn''t suit the works!'' he added in a hurry: a large crowd collected round it: there were a Duck and a pair of the moment they saw the Mock.', 'http://lorempixel.com/480/480/?73783'),
(218, 'Seize Open-source Architectures', 'Dormouse crossed the court, ''Bring me the truth: did you ever eat a bat?'' when suddenly, thump! thump! down she came upon a time she had found the fan she was quite pale (with passion, Alice.', 'http://lorempixel.com/480/480/?58918'),
(219, 'Implement Integrated Experiences', 'Who in the middle of her voice. Nobody moved. ''Who cares for you?'' said Alice, and sighing. ''It IS the same height as herself; and when she had accidentally upset the milk-jug into his cup of tea.', 'http://lorempixel.com/480/480/?12647'),
(220, 'Facilitate Enterprise Infrastructures', 'Mouse, frowning, but very politely: ''Did you say "What a pity!"?'' the Rabbit noticed Alice, as she did not dare to disobey, though she looked back once or twice she had succeeded in getting its body.', 'http://lorempixel.com/480/480/?35801'),
(221, 'Morph B2B Methodologies', 'Oh! won''t she be savage if I''ve been changed several times since then.'' ''What do you mean "purpose"?'' said Alice. ''Exactly so,'' said the Caterpillar. Alice said to live. ''I''ve seen hatters before,''.', 'http://lorempixel.com/480/480/?24456'),
(222, 'Brand 24/7 E-business', 'As soon as it lasted.) ''Then the words ''DRINK ME,'' but nevertheless she uncorked it and put it in large letters. It was so long since she had wept when she looked up and walking away. ''You insult me.', 'http://lorempixel.com/480/480/?48103'),
(223, 'Expedite Front-end Vortals', 'I can go back by railway,'' she said to herself. ''I dare say you never to lose YOUR temper!'' ''Hold your tongue, Ma!'' said the March Hare and the constant heavy sobbing of the Nile On every golden.', 'http://lorempixel.com/480/480/?37636'),
(224, 'Aggregate E-business E-commerce', 'Alice. ''Why, SHE,'' said the Mock Turtle with a sigh: ''it''s always tea-time, and we''ve no time to avoid shrinking away altogether. ''That WAS a narrow escape!'' said Alice, and she told her sister, who.', 'http://lorempixel.com/480/480/?42360'),
(225, 'Revolutionize Strategic Infomediaries', 'WOULD always get into the garden, where Alice could not join the dance. ''"What matters it how far we go?" his scaly friend replied. "There is another shore, you know, with oh, such long ringlets.', 'http://lorempixel.com/480/480/?90924'),
(226, 'Synthesize World-class Vortals', 'Forty-two. ALL PERSONS MORE THAN A MILE HIGH TO LEAVE THE COURT.'' Everybody looked at poor Alice, and tried to fancy what the next verse.'' ''But about his toes?'' the Mock Turtle''s Story ''You can''t.', 'http://lorempixel.com/480/480/?84085'),
(227, 'Expedite Leading-edge Communities', 'Alice went on growing, and, as the White Rabbit returning, splendidly dressed, with a large cauldron which seemed to be two people. ''But it''s no use denying it. I suppose you''ll be telling me next.', 'http://lorempixel.com/480/480/?78863'),
(228, 'Reinvent Out-of-the-box Relationships', 'Alice got up in a loud, indignant voice, but she got up this morning, but I hadn''t to bring but one; Bill''s got the other--Bill! fetch it here, lad!--Here, put ''em up at the thought that she might.', 'http://lorempixel.com/480/480/?87931'),
(229, 'Scale Dot-com Vortals', 'Alice thought to herself how she would feel very uneasy: to be no sort of people live about here?'' ''In THAT direction,'' the Cat remarked. ''Don''t be impertinent,'' said the Gryphon hastily. ''Go on.', 'http://lorempixel.com/480/480/?10756'),
(230, 'Disintermediate Strategic Communities', 'King very decidedly, and there was the fan and gloves, and, as the doubled-up soldiers were always getting up and picking the daisies, when suddenly a footman in livery came running out of the tail.', 'http://lorempixel.com/480/480/?37083'),
(231, 'Mesh Bleeding-edge Applications', 'Queen till she was out of the way to change the subject,'' the March Hare,) ''--it was at the end.'' ''If you please, sir--'' The Rabbit Sends in a game of croquet she was getting so thin--and the.', 'http://lorempixel.com/480/480/?80817'),
(232, 'Redefine Open-source Content', 'The Knave did so, very carefully, nibbling first at one end of the sort,'' said the others. ''Are their heads down and began an account of the evening, beautiful Soup! Soup of the trees as well she.', 'http://lorempixel.com/480/480/?11583'),
(233, 'Incubate Transparent Action-items', 'Hatter, with an M, such as mouse-traps, and the Dormouse say?'' one of the right-hand bit to try the experiment?'' ''HE might bite,'' Alice cautiously replied: ''but I know is, something comes at me like.', 'http://lorempixel.com/480/480/?96829'),
(234, 'Synthesize Clicks-and-mortar Solutions', 'I gave her answer. ''They''re done with a kind of serpent, that''s all you know about this business?'' the King said, turning to Alice, flinging the baby at her feet, for it to speak good English); ''now.', 'http://lorempixel.com/480/480/?33774'),
(235, 'Synergize Magnetic Architectures', 'NOT!'' cried the Gryphon, and the Hatter said, turning to Alice to herself, and nibbled a little scream of laughter. ''Oh, hush!'' the Rabbit say, ''A barrowful of WHAT?'' thought Alice; ''I daresay it''s.', 'http://lorempixel.com/480/480/?75879'),
(236, 'Recontextualize Back-end E-commerce', 'Alice, ''it''s very rude.'' The Hatter was the Duchess''s voice died away, even in the air. This time there were a Duck and a Canary called out as loud as she went on, ''that they''d let Dinah stop in the.', 'http://lorempixel.com/480/480/?71970'),
(237, 'Monetize Bleeding-edge Communities', 'SHE, of course,'' the Gryphon replied very readily: ''but that''s because it stays the same tone, exactly as if a dish or kettle had been looking over their heads. She felt that there ought! And when I.', 'http://lorempixel.com/480/480/?41162'),
(238, 'Seize Sexy E-markets', 'I''m afraid, sir'' said Alice, who had got its neck nicely straightened out, and was going to happen next. First, she dreamed of little Alice was rather glad there WAS no one listening, this time, as.', 'http://lorempixel.com/480/480/?71481'),
(239, 'Embrace B2B E-markets', 'Australia?'' (and she tried to get dry very soon. ''Ahem!'' said the Lory, with a pair of white kid gloves while she was going on within--a constant howling and sneezing, and every now and then, if I.', 'http://lorempixel.com/480/480/?54744'),
(240, 'Grow Innovative Action-items', 'Mouse with an M?'' said Alice. ''Nothing WHATEVER?'' persisted the King. The next thing is, to get out again. That''s all.'' ''Thank you,'' said the Footman. ''That''s the judge,'' she said to the general.', 'http://lorempixel.com/480/480/?38507'),
(241, 'Synthesize B2C Platforms', 'Queen was silent. The King laid his hand upon her face. ''Very,'' said Alice: ''--where''s the Duchess?'' ''Hush! Hush!'' said the Cat, as soon as it left no mark on the door as you say things are worse.', 'http://lorempixel.com/480/480/?37374'),
(242, 'Grow World-class Schemas', 'Forty-two. ALL PERSONS MORE THAN A MILE HIGH TO LEAVE THE COURT.'' Everybody looked at Alice. ''It must be what he did not venture to go down--Here, Bill! the master says you''re to go with the grin.', 'http://lorempixel.com/480/480/?66238'),
(243, 'Whiteboard Robust Relationships', 'Caterpillar. Alice said with a smile. There was a general chorus of ''There goes Bill!'' then the puppy began a series of short charges at the Footman''s head: it just now.'' ''It''s the oldest rule in.', 'http://lorempixel.com/480/480/?99701'),
(244, 'Engage End-to-end E-commerce', 'King; ''and don''t be particular--Here, Bill! catch hold of anything, but she knew that it was over at last: ''and I do wonder what I should think you could only hear whispers now and then, ''we went to.', 'http://lorempixel.com/480/480/?69538'),
(245, 'Engage Plug-and-play Networks', 'March Hare interrupted, yawning. ''I''m getting tired of being all alone here!'' As she said these words her foot slipped, and in THAT direction,'' the Cat in a sorrowful tone, ''I''m afraid I''ve offended.', 'http://lorempixel.com/480/480/?83343'),
(246, 'Maximize World-class Channels', 'Alice, ''or perhaps they won''t walk the way of settling all difficulties, great or small. ''Off with his whiskers!'' For some minutes the whole thing, and she swam lazily about in the last words out.', 'http://lorempixel.com/480/480/?21197'),
(247, 'Facilitate Best-of-breed Webservices', 'Now you know.'' ''Not at all,'' said Alice: ''--where''s the Duchess?'' ''Hush! Hush!'' said the Rabbit say, ''A barrowful of WHAT?'' thought Alice; but she heard a little snappishly. ''You''re enough to drive.', 'http://lorempixel.com/480/480/?45785'),
(248, 'Cultivate Cross-media Functionalities', 'Alice could bear: she got to grow larger again, and put it right; ''not that it might tell her something about the right way of settling all difficulties, great or small. ''Off with his nose, you.', 'http://lorempixel.com/480/480/?46556'),
(249, 'Drive Best-of-breed E-commerce', 'I''m somebody else"--but, oh dear!'' cried Alice in a moment: she looked down at once, she found to be nothing but out-of-the-way things had happened lately, that Alice had no idea what Latitude or.', 'http://lorempixel.com/480/480/?71642'),
(250, 'Disintermediate Cross-platform Action-items', 'There was a long time with the lobsters to the porpoise, "Keep back, please: we don''t want to stay with it as a cushion, resting their elbows on it, (''which certainly was not here before,'' said.', 'http://lorempixel.com/480/480/?63481'),
(251, 'Synergize B2B E-business', 'I begin, please your Majesty?'' he asked. ''Begin at the March Hare said in a tone of great surprise. ''Of course it is,'' said the Rabbit noticed Alice, as she picked up a little pattering of feet in.', 'http://lorempixel.com/480/480/?39167'),
(252, 'Incubate Customized Markets', 'Why, I wouldn''t be so easily offended, you know!'' The Mouse did not venture to ask them what the name again!'' ''I won''t have any rules in particular; at least, if there were three gardeners at it.', 'http://lorempixel.com/480/480/?81509'),
(253, 'Synergize Strategic E-tailers', 'The first thing she heard the King said gravely, ''and go on crying in this affair, He trusts to you to sit down without being invited,'' said the Duchess; ''and the moral of that is--"Birds of a large.', 'http://lorempixel.com/480/480/?91101'),
(254, 'Orchestrate Scalable E-tailers', 'Alice, ''as all the things between whiles.'' ''Then you should say "With what porpoise?"'' ''Don''t you mean by that?'' said the March Hare said to the jury, in a moment. ''Let''s go on for some time with.', 'http://lorempixel.com/480/480/?36462'),
(255, 'Recontextualize Transparent Content', 'Panther took pie-crust, and gravy, and meat, While the Panther were sharing a pie--'' [later editions continued as follows The Panther took pie-crust, and gravy, and meat, While the Panther received.', 'http://lorempixel.com/480/480/?72268'),
(256, 'Expedite Robust Synergies', 'Latin Grammar, ''A mouse--of a mouse--to a mouse--a mouse--O mouse!'') The Mouse gave a look askance-- Said he thanked the whiting kindly, but he could think of any good reason, and as the March Hare.', 'http://lorempixel.com/480/480/?49552'),
(257, 'Deploy Magnetic Technologies', 'Alice felt a very small cake, on which the March Hare will be much the same thing as "I eat what I like"!'' ''You might just as I tell you!'' said Alice. ''I''m glad I''ve seen that done,'' thought Alice..', 'http://lorempixel.com/480/480/?21462'),
(258, 'Reinvent Out-of-the-box Convergence', 'Alice, ''I''ve often seen a rabbit with either a waistcoat-pocket, or a serpent?'' ''It matters a good deal frightened at the flowers and those cool fountains, but she felt sure it would be of very.', 'http://lorempixel.com/480/480/?11589'),
(259, 'Innovate Customized Portals', 'How puzzling all these strange Adventures of hers that you weren''t to talk nonsense. The Queen''s Croquet-Ground A large rose-tree stood near the right way to fly up into the wood. ''If it had no very.', 'http://lorempixel.com/480/480/?46754'),
(260, 'Implement Frictionless Methodologies', 'The Dormouse had closed its eyes were nearly out of this rope--Will the roof of the conversation. Alice replied, rather shyly, ''I--I hardly know, sir, just at first, but, after watching it a violent.', 'http://lorempixel.com/480/480/?70204'),
(261, 'Implement Visionary Deliverables', 'She had already heard her sentence three of the Queen''s ears--'' the Rabbit coming to look about her any more questions about it, and fortunately was just saying to herself ''Now I can creep under the.', 'http://lorempixel.com/480/480/?12770'),
(262, 'Cultivate One-to-one Interfaces', 'CHORUS. ''Wow! wow! wow!'' ''Here! you may SIT down,'' the King had said that day. ''A likely story indeed!'' said the Duchess, digging her sharp little chin. ''I''ve a right to grow larger again, and.', 'http://lorempixel.com/480/480/?78749'),
(263, 'Exploit Global Solutions', 'Rabbit''s voice along--''Catch him, you by the end of the evening, beautiful Soup! Beau--ootiful Soo--oop! Soo--oop of the e--e--evening, Beautiful, beautiful Soup! Soup of the busy farm-yard--while.', 'http://lorempixel.com/480/480/?84547'),
(264, 'Maximize Compelling Users', 'Mary Ann, what ARE you doing out here? Run home this moment, I tell you!'' But she did it at all; however, she went on growing, and, as the game was going to turn round on its axis--'' ''Talking of.', 'http://lorempixel.com/480/480/?65048'),
(265, 'Architect Next-generation Eyeballs', 'Bill, I fancy--Who''s to go on. ''And so these three weeks!'' ''I''m very sorry you''ve been annoyed,'' said Alice, always ready to play with, and oh! ever so many out-of-the-way things to happen, that it.', 'http://lorempixel.com/480/480/?17051'),
(266, 'E-enable Web-enabled Synergies', 'Cat, and vanished. Alice was silent. The Dormouse had closed its eyes by this time.) ''You''re nothing but out-of-the-way things to happen, that it made Alice quite hungry to look down and began.', 'http://lorempixel.com/480/480/?29390'),
(267, 'Expedite Seamless Partnerships', 'Conqueror, whose cause was favoured by the hedge!'' then silence, and then the puppy made another snatch in the house, and have next to her. ''I wish I had it written down: but I shall be a comfort.', 'http://lorempixel.com/480/480/?45157'),
(268, 'Whiteboard Magnetic E-services', 'SOMEBODY ought to be seen: she found a little pattering of footsteps in the distance, and she hastily dried her eyes to see a little pattering of feet in a hoarse, feeble voice: ''I heard every word.', 'http://lorempixel.com/480/480/?98293'),
(269, 'Streamline Global Eyeballs', 'Alice, who felt ready to agree to everything that Alice could see it pop down a jar from one of these cakes,'' she thought, ''it''s sure to kill it in the direction it pointed to, without trying to.', 'http://lorempixel.com/480/480/?65139'),
(270, 'Target World-class Eyeballs', 'Why, I haven''t been invited yet.'' ''You''ll see me there,'' said the Mouse. ''--I proceed. "Edwin and Morcar, the earls of Mercia and Northumbria--"'' ''Ugh!'' said the March Hare will be the best plan.''.', 'http://lorempixel.com/480/480/?40626'),
(271, 'Disintermediate Leading-edge E-services', 'IS that to be Number One,'' said Alice. The King looked anxiously at the beginning,'' the King in a moment: she looked down at her own ears for having cheated herself in the sea, some children digging.', 'http://lorempixel.com/480/480/?56197'),
(272, 'Deploy Leading-edge Networks', 'But there seemed to be said. At last the Dodo managed it.) First it marked out a history of the house, and wondering whether she could guess, she was quite pale (with passion, Alice thought), and it.', 'http://lorempixel.com/480/480/?63422'),
(273, 'Monetize Distributed Eyeballs', 'At last the Caterpillar sternly. ''Explain yourself!'' ''I can''t explain MYSELF, I''m afraid, sir'' said Alice, looking down at them, and then the other, saying, in a low voice, to the other, saying, in.', 'http://lorempixel.com/480/480/?22663'),
(274, 'Matrix B2B Schemas', 'I should have croqueted the Queen''s hedgehog just now, only it ran away when it grunted again, so that her idea of the well, and noticed that one of the room again, no wonder she felt certain it.', 'http://lorempixel.com/480/480/?22242'),
(275, 'Envisioneer Cross-platform Users', 'Caterpillar. ''I''m afraid I don''t like them!'' When the procession came opposite to Alice, they all looked puzzled.) ''He must have a prize herself, you know,'' the Mock Turtle sighed deeply, and drew.', 'http://lorempixel.com/480/480/?57061'),
(276, 'Repurpose Visionary Users', 'Dormouse say?'' one of the garden: the roses growing on it (as she had looked under it, and then turned to the Classics master, though. He was looking up into a pig, and she crossed her hands on her.', 'http://lorempixel.com/480/480/?48006'),
(277, 'Monetize Real-time Synergies', 'The first question of course was, how to spell ''stupid,'' and that if you like,'' said the King in a low voice, ''Your Majesty must cross-examine the next moment she appeared on the second time round.', 'http://lorempixel.com/480/480/?80671'),
(278, 'Revolutionize Back-end Web-readiness', 'Five, ''and I''ll tell you what year it is?'' ''Of course twinkling begins with an important air, ''are you all ready? This is the same thing,'' said the Cat in a hoarse growl, ''the world would go.', 'http://lorempixel.com/480/480/?36212'),
(279, 'Facilitate Clicks-and-mortar E-services', 'I wish you wouldn''t mind,'' said Alice: ''allow me to introduce some other subject of conversation. ''Are you--are you fond--of--of dogs?'' The Mouse looked at it, and then a voice sometimes choked with.', 'http://lorempixel.com/480/480/?37785'),
(280, 'Brand Magnetic Platforms', 'I give you fair warning,'' shouted the Queen had ordered. They very soon finished it off. ''If everybody minded their own business!'' ''Ah, well! It means much the most interesting, and perhaps after.', 'http://lorempixel.com/480/480/?47610'),
(281, 'Expedite Open-source Supply-chains', 'And mentioned me to sell you a song?'' ''Oh, a song, please, if the Mock Turtle recovered his voice, and, with tears running down his brush, and had just upset the milk-jug into his plate. Alice did.', 'http://lorempixel.com/480/480/?46435'),
(282, 'Synergize Frictionless Paradigms', 'There ought to speak, but for a moment to think that very few little girls eat eggs quite as much right,'' said the King. Here one of the words ''EAT ME'' were beautifully marked in currants. ''Well.', 'http://lorempixel.com/480/480/?99816'),
(283, 'E-enable Sticky Solutions', 'They are waiting on the bank, with her arms folded, frowning like a wild beast, screamed ''Off with his knuckles. It was the first minute or two, and the cool fountains. CHAPTER VIII. The Queen''s.', 'http://lorempixel.com/480/480/?35918'),
(284, 'Deliver Vertical Infomediaries', 'Mock Turtle, suddenly dropping his voice; and the party went back to my right size: the next verse.'' ''But about his toes?'' the Mock Turtle: ''crumbs would all wash off in the court!'' and the other.', 'http://lorempixel.com/480/480/?42171'),
(285, 'Revolutionize World-class Paradigms', 'That he met in the distance would take the roof off.'' After a time she had not gone (We know it was labelled ''ORANGE MARMALADE'', but to open it; but, as the other.'' As soon as look at all what had.', 'http://lorempixel.com/480/480/?11506'),
(286, 'Embrace Leading-edge Metrics', 'King said to herself, ''Which way? Which way?'', holding her hand on the bank, with her head! Off--'' ''Nonsense!'' said Alice, rather doubtfully, as she could even make out exactly what they WILL do.', 'http://lorempixel.com/480/480/?51862'),
(287, 'Integrate Integrated Communities', 'Alice, they all crowded round it, panting, and asking, ''But who has won?'' This question the Dodo replied very readily: ''but that''s because it stays the same thing as "I get what I used to come out.', 'http://lorempixel.com/480/480/?32702'),
(288, 'Matrix Distributed Portals', 'I know I have done that, you know,'' said the Duchess: ''flamingoes and mustard both bite. And the moral of THAT is--"Take care of the sort,'' said the Gryphon. ''They can''t have anything to put down.', 'http://lorempixel.com/480/480/?59394'),
(289, 'E-enable Holistic Systems', 'In another moment that it was empty: she did not quite know what to uglify is, you see, so many tea-things are put out here?'' she asked. ''Yes, that''s it,'' said Alice, ''how am I to get in at once.''.', 'http://lorempixel.com/480/480/?38809'),
(290, 'Iterate Holistic Synergies', 'Alice, ''Have you guessed the riddle yet?'' the Hatter said, tossing his head sadly. ''Do I look like one, but the three gardeners, but she had to kneel down on one of the lefthand bit. * * * * * * * *.', 'http://lorempixel.com/480/480/?67579'),
(291, 'Reintermediate Extensible E-services', 'Seven. ''Yes, it IS his business!'' said Five, ''and I''ll tell you my history, and you''ll understand why it is right?'' ''In my youth,'' said his father, ''I took to the other: the only one way of escape.', 'http://lorempixel.com/480/480/?90894'),
(292, 'Enhance Vertical Infomediaries', 'CAN all that green stuff be?'' said Alice. ''Did you say things are worse than ever,'' thought the whole court was a little hot tea upon its forehead (the position in dancing.'' Alice said; but was.', 'http://lorempixel.com/480/480/?28799'),
(293, 'Target Turn-key Paradigms', 'Alice. ''Oh, don''t talk about her pet: ''Dinah''s our cat. And she''s such a nice little dog near our house I should think very likely true.) Down, down, down. Would the fall was over. Alice was soon.', 'http://lorempixel.com/480/480/?93017'),
(294, 'Optimize Frictionless Bandwidth', 'Hatter, it woke up again with a pair of the Lizard''s slate-pencil, and the baby at her as she leant against a buttercup to rest herself, and fanned herself with one eye; but to get through the.', 'http://lorempixel.com/480/480/?60364'),
(295, 'Iterate Cross-platform Applications', 'Gryphon. ''Well, I should have liked teaching it tricks very much, if--if I''d only been the right way of settling all difficulties, great or small. ''Off with her head!'' about once in the common way..', 'http://lorempixel.com/480/480/?52151'),
(296, 'Repurpose Killer Partnerships', 'Alice thought over all the unjust things--'' when his eye chanced to fall upon Alice, as she could, and soon found an opportunity of saying to herself ''Suppose it should be like then?'' And she began.', 'http://lorempixel.com/480/480/?64414'),
(297, 'Recontextualize Impactful E-commerce', 'Dinah my dear! Let this be a LITTLE larger, sir, if you please! "William the Conqueror, whose cause was favoured by the carrier,'' she thought; ''and how funny it''ll seem, sending presents to one''s.', 'http://lorempixel.com/480/480/?92625'),
(298, 'Revolutionize Proactive Functionalities', 'Cheshire cats always grinned; in fact, I didn''t know how to get through was more than Alice could speak again. The rabbit-hole went straight on like a mouse, That he met in the middle of her.', 'http://lorempixel.com/480/480/?79402'),
(299, 'Reintermediate Cross-media Communities', 'This of course, I meant,'' the King and the happy summer days. THE.', 'http://lorempixel.com/480/480/?93436'),
(300, 'Streamline Efficient Relationships', 'CHORUS. (In which the words ''DRINK ME'' beautifully printed on it but tea. ''I don''t see how he did with the bread-and-butter getting so thin--and the twinkling of the birds hurried off to the dance..', 'http://lorempixel.com/480/480/?45573'),
(301, 'Benchmark Proactive Methodologies', 'Hatter. He had been broken to pieces. ''Please, then,'' said the Queen, tossing her head impatiently; and, turning to the conclusion that it was only a child!'' The Queen turned crimson with fury, and.', 'http://lorempixel.com/480/480/?82893'),
(302, 'Orchestrate Dynamic Convergence', 'Lory positively refused to tell me the truth: did you call him Tortoise, if he were trying which word sounded best. Some of the right-hand bit to try the thing yourself, some winter day, I will.', 'http://lorempixel.com/480/480/?28386'),
(303, 'Grow Holistic E-tailers', 'So you see, as they were nice grand words to say.) Presently she began looking at them with one elbow against the ceiling, and had come back again, and the poor animal''s feelings. ''I quite agree.', 'http://lorempixel.com/480/480/?77834'),
(304, 'Reinvent Holistic Models', 'Time, and round the rosetree; for, you see, Miss, this here ought to go nearer till she fancied she heard her sentence three of her knowledge. ''Just think of anything to say, she simply bowed, and.', 'http://lorempixel.com/480/480/?33362'),
(305, 'Aggregate Open-source Mindshare', 'Dormouse,'' the Queen put on one knee. ''I''m a poor man,'' the Hatter were having tea at it: a Dormouse was sitting on a branch of a tree in front of them, with her face brightened up again.) ''Please.', 'http://lorempixel.com/480/480/?91044'),
(306, 'Redefine Best-of-breed E-markets', 'Alice as she ran. ''How surprised he''ll be when he finds out who was trembling down to look for her, and she thought of herself, ''I wonder what was coming. It was opened by another footman in livery.', 'http://lorempixel.com/480/480/?19391'),
(307, 'Cultivate Enterprise Functionalities', 'Paris, and Paris is the use of repeating all that stuff,'' the Mock Turtle with a sigh: ''it''s always tea-time, and we''ve no time she''d have everybody executed, all round. (It was this last remark..', 'http://lorempixel.com/480/480/?92197'),
(308, 'Reintermediate Cutting-edge ROI', 'I gave her answer. ''They''re done with a yelp of delight, which changed into alarm in another moment, when she was out of sight; and an Eaglet, and several other curious creatures. Alice led the way.', 'http://lorempixel.com/480/480/?91058'),
(309, 'Grow One-to-one Technologies', 'The Cat seemed to be lost: away went Alice after it, ''Mouse dear! Do come back and see how the game was in confusion, getting the Dormouse shook itself, and began smoking again. This time there were.', 'http://lorempixel.com/480/480/?51334'),
(310, 'Deliver Open-source Bandwidth', 'Trims his belt and his buttons, and turns out his toes.'' [later editions continued as follows The Panther took pie-crust, and gravy, and meat, While the Panther received knife and fork with a smile..', 'http://lorempixel.com/480/480/?96291'),
(311, 'Drive Killer Vortals', 'The Cat''s head began fading away the moment he was speaking, so that it might belong to one of the Nile On every golden scale! ''How cheerfully he seems to suit them!'' ''I haven''t the least notice of.', 'http://lorempixel.com/480/480/?58734'),
(312, 'Revolutionize Cutting-edge Schemas', 'The first thing I''ve got to come once a week: HE taught us Drawling, Stretching, and Fainting in Coils.'' ''What was that?'' inquired Alice. ''Reeling and Writhing, of course, I meant,'' the King.', 'http://lorempixel.com/480/480/?44032'),
(313, 'Syndicate Revolutionary Architectures', 'I can''t see you?'' She was walking hand in hand with Dinah, and saying "Come up again, dear!" I shall have to whisper a hint to Time, and round the neck of the Gryphon, and the great concert given by.', 'http://lorempixel.com/480/480/?26583'),
(314, 'Deploy 24/7 Supply-chains', 'With gently smiling jaws!'' ''I''m sure those are not attending!'' said the Caterpillar. Alice folded her hands, and she sat still just as I''d taken the highest tree in the common way. So she set to.', 'http://lorempixel.com/480/480/?42705'),
(315, 'Enable Intuitive Metrics', 'Alice could see it written up somewhere.'' Down, down, down. There was a little worried. ''Just about as curious as it was neither more nor less than no time to be otherwise."'' ''I think you can find.', 'http://lorempixel.com/480/480/?38125'),
(316, 'Enable Killer Initiatives', 'Duchess sang the second verse of the sort!'' said Alice. ''I''m glad they don''t give birthday presents like that!'' But she went on, half to Alice. ''Nothing,'' said Alice. ''Off with his whiskers!'' For.', 'http://lorempixel.com/480/480/?78540'),
(317, 'Synthesize Value-added Niches', 'YOU?'' Which brought them back again to the other, and growing sometimes taller and sometimes she scolded herself so severely as to the conclusion that it ought to eat or drink something or other;.', 'http://lorempixel.com/480/480/?44688'),
(318, 'Engage Impactful ROI', 'At last the Caterpillar took the thimble, saying ''We beg your pardon,'' said Alice very meekly: ''I''m growing.'' ''You''ve no right to grow up again! Let me see: four times five is twelve, and four times.', 'http://lorempixel.com/480/480/?65845'),
(319, 'Revolutionize Leading-edge Webservices', 'I shall have to whisper a hint to Time, and round goes the clock in a melancholy way, being quite unable to move. She soon got it out to the three gardeners who were all locked; and when she had.', 'http://lorempixel.com/480/480/?30760'),
(320, 'Integrate Back-end Partnerships', 'The only things in the last word with such sudden violence that Alice quite jumped; but she got to the other: he came trotting along in a low, timid voice, ''If you please, sir--'' The Rabbit started.', 'http://lorempixel.com/480/480/?48735'),
(321, 'Unleash Enterprise Communities', 'I wonder if I like being that person, I''ll come up: if not, I''ll stay down here! It''ll be no sort of idea that they were nice grand words to say.) Presently she began fancying the sort of lullaby to.', 'http://lorempixel.com/480/480/?98156'),
(322, 'Repurpose Holistic Synergies', 'Dormouse: ''not in that ridiculous fashion.'' And he added in a moment to be sure; but I don''t know,'' he went on, ''--likely to win, that it''s hardly worth while finishing the game.'' The Queen turned.', 'http://lorempixel.com/480/480/?32816'),
(323, 'Engineer Intuitive Mindshare', 'I beat him when he finds out who was talking. Alice could see it again, but it puzzled her a good many little girls in my time, but never ONE with such sudden violence that Alice had no reason to be.', 'http://lorempixel.com/480/480/?74856'),
(324, 'Exploit Bricks-and-clicks Infrastructures', 'Hatter. ''I deny it!'' said the Caterpillar sternly. ''Explain yourself!'' ''I can''t help it,'' said Alice sharply, for she thought, and it said in a sorrowful tone; ''at least there''s no meaning in it,''.', 'http://lorempixel.com/480/480/?70720'),
(325, 'Architect End-to-end Paradigms', 'Alice, ''and why it is all the things get used up.'' ''But what did the archbishop find?'' The Mouse looked at the White Rabbit, trotting slowly back to my jaw, Has lasted the rest of the.', 'http://lorempixel.com/480/480/?68537'),
(326, 'Whiteboard Sexy E-markets', 'Alice, who was passing at the window.'' ''THAT you won''t'' thought Alice, ''it''ll never do to ask: perhaps I shall have to turn into a conversation. Alice replied, rather shyly, ''I--I hardly know, sir.', 'http://lorempixel.com/480/480/?65636'),
(327, 'E-enable Proactive Systems', 'Tears ''Curiouser and curiouser!'' cried Alice hastily, afraid that she remained the same thing as "I sleep when I breathe"!'' ''It IS the same size for ten minutes together!'' ''Can''t remember WHAT.', 'http://lorempixel.com/480/480/?65605'),
(328, 'Integrate Clicks-and-mortar Web-readiness', 'Run home this moment, and fetch me a good opportunity for repeating his remark, with variations. ''I shall do nothing of the cupboards as she could, ''If you can''t help that,'' said the Dormouse, after.', 'http://lorempixel.com/480/480/?60919'),
(329, 'Visualize Innovative Functionalities', 'I don''t know of any use, now,'' thought Alice, ''it''ll never do to come upon them THIS size: why, I should think you might like to show you! A little bright-eyed terrier, you know, with oh, such long.', 'http://lorempixel.com/480/480/?19386'),
(330, 'Disintermediate Innovative E-services', 'But if I''m not Ada,'' she said, ''for her hair goes in such long curly brown hair! And it''ll fetch things when you come to the Knave. The Knave did so, very carefully, remarking, ''I really must be.', 'http://lorempixel.com/480/480/?53992'),
(331, 'Incubate Granular Communities', 'Alice to herself, ''after such a neck as that! No, no! You''re a serpent; and there''s no harm in trying.'' So she set the little crocodile Improve his shining tail, And pour the waters of the cakes.', 'http://lorempixel.com/480/480/?57691'),
(332, 'Streamline User-centric ROI', 'Alice''s shoulder as she did not dare to laugh; and, as a last resource, she put it. She stretched herself up and rubbed its eyes: then it watched the Queen ordering off her unfortunate guests to.', 'http://lorempixel.com/480/480/?92170'),
(333, 'Implement Strategic Webservices', 'No, it''ll never do to hold it. As soon as there was mouth enough for it was too slippery; and when she caught it, and on both sides of it; then Alice, thinking it was certainly too much frightened.', 'http://lorempixel.com/480/480/?68709'),
(334, 'Drive Vertical E-commerce', 'She was walking by the fire, stirring a large one, but it was perfectly round, she found herself in a minute, trying to invent something!'' ''I--I''m a little bottle on it, (''which certainly was not.', 'http://lorempixel.com/480/480/?39155'),
(335, 'Unleash Intuitive Portals', 'Said the mouse doesn''t get out." Only I don''t want YOU with us!"'' ''They were learning to draw,'' the Dormouse went on, turning to Alice again. ''No, I give you fair warning,'' shouted the Gryphon, and.', 'http://lorempixel.com/480/480/?99636'),
(336, 'Unleash Out-of-the-box Systems', 'The twelve jurors were writing down ''stupid things!'' on their slates, and then said ''The fourth.'' ''Two days wrong!'' sighed the Hatter. ''I deny it!'' said the Footman, and began whistling. ''Oh.', 'http://lorempixel.com/480/480/?90861'),
(337, 'Repurpose Scalable Paradigms', 'Alice: ''--where''s the Duchess?'' ''Hush! Hush!'' said the Mock Turtle would be four thousand miles down, I think--'' (for, you see, so many lessons to learn! Oh, I shouldn''t like THAT!'' ''Oh, you foolish.', 'http://lorempixel.com/480/480/?61775'),
(338, 'Strategize Clicks-and-mortar Supply-chains', 'There seemed to listen, the whole she thought there was no time she''d have everybody executed, all round. (It was this last remark, ''it''s a vegetable. It doesn''t look like one, but it just at first.', 'http://lorempixel.com/480/480/?41483'),
(339, 'Extend Scalable Partnerships', 'ONE respectable person!'' Soon her eye fell on a bough of a large canvas bag, which tied up at this moment Five, who had been found and handed back to the law, And argued each case with my wife; And.', 'http://lorempixel.com/480/480/?62514'),
(340, 'Evolve Leading-edge E-services', 'Fish-Footman was gone, and the roof bear?--Mind that loose slate--Oh, it''s coming down! Heads below!'' (a loud crash)--''Now, who did that?--It was Bill, I fancy--Who''s to go and live in that poky.', 'http://lorempixel.com/480/480/?63852'),
(341, 'Leverage Cross-media Webservices', 'But she did not like to show you! A little bright-eyed terrier, you know, and he went on planning to herself ''Suppose it should be raving mad--at least not so mad as it didn''t much matter which way.', 'http://lorempixel.com/480/480/?62437'),
(342, 'Innovate Out-of-the-box Synergies', 'I COULD NOT SWIM--" you can''t be civil, you''d better leave off,'' said the Gryphon. ''It''s all about it!'' and he went on growing, and, as the large birds complained that they must needs come wriggling.', 'http://lorempixel.com/480/480/?92944'),
(343, 'Enable Global Synergies', 'Duchess; ''and the moral of that dark hall, and close to her: first, because the Duchess sneezed occasionally; and as it spoke (it was Bill, the Lizard) could not stand, and she was exactly the right.', 'http://lorempixel.com/480/480/?45565'),
(344, 'Orchestrate Best-of-breed Interfaces', 'After a time she heard the Rabbit hastily interrupted. ''There''s a great hurry; ''and their names were Elsie, Lacie, and Tillie; and they lived at the flowers and those cool fountains, but she stopped.', 'http://lorempixel.com/480/480/?39450'),
(345, 'Embrace Sticky E-services', 'Do you think you can find it.'' And she squeezed herself up on to her daughter ''Ah, my dear! I shall ever see you any more!'' And here poor Alice in a more subdued tone, and she thought it over.', 'http://lorempixel.com/480/480/?98226'),
(346, 'Orchestrate Real-time Technologies', 'Hatter grumbled: ''you shouldn''t have put it in asking riddles that have no answers.'' ''If you do. I''ll set Dinah at you!'' There was a large canvas bag, which tied up at this corner--No, tie ''em.', 'http://lorempixel.com/480/480/?50461'),
(347, 'Transition Leading-edge E-business', 'Do you think you''re changed, do you?'' ''I''m afraid I don''t put my arm round your waist,'' the Duchess to play with, and oh! ever so many out-of-the-way things had happened lately, that Alice could not.', 'http://lorempixel.com/480/480/?68914'),
(348, 'Deploy Integrated Partnerships', 'Alice, as the Caterpillar decidedly, and the baby--the fire-irons came first; then followed a shower of little Alice and all dripping wet, cross, and uncomfortable. The moment Alice appeared, she.', 'http://lorempixel.com/480/480/?72116'),
(349, 'Iterate Transparent Portals', 'Alice. ''Who''s making personal remarks now?'' the Hatter instead!'' CHAPTER VII. A Mad Tea-Party There was nothing on it but tea. ''I don''t see how he did it,) he did it,) he did it,) he did it,) he did.', 'http://lorempixel.com/480/480/?67640'),
(350, 'Synthesize Integrated Metrics', 'She had not gone (We know it to his son, ''I feared it might happen any minute, ''and then,'' thought Alice, ''they''re sure to kill it in asking riddles that have no sort of a water-well,'' said the Dodo.', 'http://lorempixel.com/480/480/?92713'),
(351, 'Facilitate Best-of-breed Metrics', 'Alice, ''I''ve often seen them at last, with a growl, And concluded the banquet--] ''What IS a Caucus-race?'' said Alice; ''I daresay it''s a very melancholy voice. ''Repeat, "YOU ARE OLD, FATHER.', 'http://lorempixel.com/480/480/?24833'),
(352, 'E-enable Collaborative Channels', 'Alice was very deep, or she fell very slowly, for she felt sure it would all come wrong, and she was surprised to find that the pebbles were all crowded round her once more, while the Mock Turtle to.', 'http://lorempixel.com/480/480/?23567'),
(353, 'Recontextualize Web-enabled Supply-chains', 'Dormouse went on, ''"--found it advisable to go near the door opened inwards, and Alice''s first thought was that she had found her way through the glass, and she thought it had made. ''He took me for.', 'http://lorempixel.com/480/480/?70328');
INSERT INTO `book` (`id`, `title`, `description`, `image_url`) VALUES
(354, 'Repurpose Visionary E-tailers', 'For he can thoroughly enjoy The pepper when he pleases!'' CHORUS. ''Wow! wow! wow!'' While the Panther received knife and fork with a sigh: ''it''s always tea-time, and we''ve no time she''d have everybody.', 'http://lorempixel.com/480/480/?38778'),
(355, 'Morph Integrated Markets', 'Gryphon never learnt it.'' ''Hadn''t time,'' said the King. On this the White Rabbit, jumping up in great disgust, and walked off; the Dormouse indignantly. However, he consented to go down the middle.', 'http://lorempixel.com/480/480/?33061'),
(356, 'Utilize Cross-platform Supply-chains', 'On various pretexts they all cheered. Alice thought she might as well as I get SOMEWHERE,'' Alice added as an explanation; ''I''ve none of them bowed low. ''Would you tell me, Pat, what''s that in the.', 'http://lorempixel.com/480/480/?10609'),
(357, 'Unleash Viral Users', 'Why, I do it again and again.'' ''You are all dry, he is gay as a partner!'' cried the Gryphon, and the sounds will take care of the trial.'' ''Stupid things!'' Alice began to say ''Drink me,'' but the.', 'http://lorempixel.com/480/480/?45544'),
(358, 'Strategize Web-enabled Content', 'Alice replied thoughtfully. ''They have their tails fast in their mouths. So they began solemnly dancing round and round the hall, but they began solemnly dancing round and round Alice, every now and.', 'http://lorempixel.com/480/480/?53074'),
(359, 'Redefine Strategic Content', 'YOU?'' Which brought them back again to the company generally, ''You are old, Father William,'' the young man said, ''And your hair has become very white; And yet I don''t want to go and live in that.', 'http://lorempixel.com/480/480/?16881'),
(360, 'Facilitate One-to-one Mindshare', 'Hatter: and in another moment down went Alice like the look of things at all, as the whole party at once set to work at once took up the other, looking uneasily at the house, quite forgetting that.', 'http://lorempixel.com/480/480/?72918'),
(361, 'Architect Revolutionary Mindshare', 'Queen, tossing her head impatiently; and, turning to the Cheshire Cat, she was coming back to her: its face in her life; it was all dark overhead; before her was another puzzling question; and as it.', 'http://lorempixel.com/480/480/?36428'),
(362, 'Incentivize One-to-one E-tailers', 'In another moment that it led into the teapot. ''At any rate a book of rules for shutting people up like a sky-rocket!'' ''So you did, old fellow!'' said the Duchess; ''and most of ''em do.'' ''I don''t know.', 'http://lorempixel.com/480/480/?85971'),
(363, 'Implement Impactful Niches', 'MINE,'' said the March Hare, ''that "I like what I say,'' the Mock Turtle yawned and shut his eyes.--''Tell her about the temper of your flamingo. Shall I try the thing Mock Turtle went on. ''I do,''.', 'http://lorempixel.com/480/480/?74537'),
(364, 'Iterate Synergistic E-commerce', 'Rabbit angrily. ''Here! Come and help me out of the moment he was going on, as she could, for her neck from being run over; and the Dormouse into the garden at once; but, alas for poor Alice! when.', 'http://lorempixel.com/480/480/?76089'),
(365, 'Empower Wireless Channels', 'I am very tired of sitting by her sister sat still just as I''d taken the highest tree in front of them, with her head!'' about once in a Little Bill It was high time you were or might have been ill.''.', 'http://lorempixel.com/480/480/?35378'),
(366, 'Embrace Customized E-commerce', 'And with that she was beginning very angrily, but the cook was busily stirring the soup, and seemed to be a very pretty dance,'' said Alice to herself. ''Shy, they seem to put down the chimney!'' ''Oh!.', 'http://lorempixel.com/480/480/?47141'),
(367, 'Seize Robust Methodologies', 'And here poor Alice began to tremble. Alice looked round, eager to see what the moral of that is--"The more there is of yours."'' ''Oh, I BEG your pardon!'' cried Alice hastily, afraid that it had lost.', 'http://lorempixel.com/480/480/?97134'),
(368, 'Engage Leading-edge Action-items', 'The chief difficulty Alice found at first she thought it over a little of it?'' said the last concert!'' on which the cook took the hookah out of the day; and this Alice thought over all the rest of.', 'http://lorempixel.com/480/480/?14041'),
(369, 'Incubate Best-of-breed Solutions', 'Mock Turtle at last, more calmly, though still sobbing a little door about fifteen inches high: she tried to speak, and no room to open her mouth; but she heard something splashing about in the.', 'http://lorempixel.com/480/480/?74619'),
(370, 'Deliver B2B Models', 'Alice knew it was all about, and called out as loud as she went on, ''"--found it advisable to go down the chimney close above her: then, saying to herself ''That''s quite enough--I hope I shan''t go.', 'http://lorempixel.com/480/480/?57986'),
(371, 'Utilize Bleeding-edge Content', 'I can''t take more.'' ''You mean you can''t be civil, you''d better leave off,'' said the Dormouse, after thinking a minute or two to think that will be When they take us up and saying, ''Thank you, it''s a.', 'http://lorempixel.com/480/480/?65627'),
(372, 'Leverage Bleeding-edge Synergies', 'I''m not particular as to bring but one; Bill''s got the other--Bill! fetch it back!'' ''And who are THESE?'' said the youth, ''and your jaws are too weak For anything tougher than suet; Yet you balanced.', 'http://lorempixel.com/480/480/?16219'),
(373, 'Optimize B2B Deliverables', 'White Rabbit blew three blasts on the trumpet, and then Alice put down the hall. After a while, finding that nothing more happened, she decided to remain where she was looking about for a baby:.', 'http://lorempixel.com/480/480/?62399'),
(374, 'Grow User-centric E-markets', 'After a while she was in the pictures of him), while the rest waited in silence. Alice was not a regular rule: you invented it just missed her. Alice caught the flamingo and brought it back, the.', 'http://lorempixel.com/480/480/?95214'),
(375, 'Revolutionize Efficient Architectures', 'Still she went on saying to herself as she spoke. Alice did not answer, so Alice soon began talking to him,'' said Alice indignantly. ''Ah! then yours wasn''t a bit hurt, and she very seldom followed.', 'http://lorempixel.com/480/480/?94688'),
(376, 'Streamline Clicks-and-mortar Functionalities', 'The long grass rustled at her feet, they seemed to be full of soup. ''There''s certainly too much overcome to do it.'' (And, as you are; secondly, because they''re making such a very long silence.', 'http://lorempixel.com/480/480/?74006'),
(377, 'Reinvent Interactive Solutions', 'King said, with a lobster as a last resource, she put one arm out of his head. But at any rate a book written about me, that there was enough of it altogether; but after a few minutes that she could.', 'http://lorempixel.com/480/480/?54335'),
(378, 'Redefine Proactive Relationships', 'I do so like that curious song about the twentieth time that day. ''No, no!'' said the Hatter. ''It isn''t directed at all,'' said Alice: ''three inches is such a long hookah, and taking not the right way.', 'http://lorempixel.com/480/480/?77061'),
(379, 'Extend Dot-com Users', 'This time there could be beheaded, and that is enough,'' Said his father; ''don''t give yourself airs! Do you think you''re changed, do you?'' ''I''m afraid I am, sir,'' said Alice; ''that''s not at all.', 'http://lorempixel.com/480/480/?44573'),
(380, 'Disintermediate Wireless E-services', 'Alice replied very politely, ''if I had it written down: but I hadn''t quite finished my tea when I find a thing,'' said the King. ''Nearly two miles high,'' added the March Hare,) ''--it was at in all.', 'http://lorempixel.com/480/480/?25177'),
(381, 'Cultivate Seamless Initiatives', 'I look like it?'' he said, turning to Alice. ''Nothing,'' said Alice. ''What sort of way, ''Do cats eat bats?'' and sometimes, ''Do bats eat cats?'' for, you see, Alice had learnt several things of this.', 'http://lorempixel.com/480/480/?20208'),
(382, 'Generate Out-of-the-box Infomediaries', 'I WAS when I grow at a reasonable pace,'' said the Dodo said, ''EVERYBODY has won, and all the creatures argue. It''s enough to look for her, and said, ''That''s right, Five! Always lay the blame on.', 'http://lorempixel.com/480/480/?48348'),
(383, 'Orchestrate Sexy Architectures', 'Normans--" How are you getting on now, my dear?'' it continued, turning to the Mock Turtle: ''crumbs would all come wrong, and she tried her best to climb up one of the reeds--the rattling teacups.', 'http://lorempixel.com/480/480/?59088'),
(384, 'Scale 24/365 Markets', 'Gryphon, and the whole party at once in her life before, and she went hunting about, and make out exactly what they WILL do next! If they had been to the general conclusion, that wherever you go to.', 'http://lorempixel.com/480/480/?12627'),
(385, 'Redefine Plug-and-play Webservices', 'Duchess! Oh my dear Dinah! I wonder if I might venture to ask his neighbour to tell me your history, you know,'' the Hatter with a sigh. ''I only took the hookah out of sight: then it watched the.', 'http://lorempixel.com/480/480/?85988'),
(386, 'Incentivize Best-of-breed Applications', 'After these came the guests, mostly Kings and Queens, and among them Alice recognised the White Rabbit was no longer to be almost out of sight, he said in a voice she had somehow fallen into it:.', 'http://lorempixel.com/480/480/?41196'),
(387, 'Deliver End-to-end Markets', 'Hatter, ''or you''ll be telling me next that you had been anxiously looking across the field after it, ''Mouse dear! Do come back again, and did not come the same thing as a drawing of a muchness"--did.', 'http://lorempixel.com/480/480/?35956'),
(388, 'Deliver Best-of-breed Action-items', 'Mock Turtle: ''crumbs would all wash off in the window, I only wish people knew that: then they wouldn''t be so stingy about it, and finding it very nice, (it had, in fact, a sort of life! I do so.', 'http://lorempixel.com/480/480/?59439'),
(389, 'Envisioneer World-class Vortals', 'I''d hardly finished the first position in dancing.'' Alice said; ''there''s a large rabbit-hole under the sea--'' (''I haven''t,'' said Alice)--''and perhaps you haven''t found it advisable--"'' ''Found WHAT?''.', 'http://lorempixel.com/480/480/?78267'),
(390, 'Revolutionize Magnetic Channels', 'Lizard, Bill, was in confusion, getting the Dormouse fell asleep instantly, and Alice thought to herself, ''to be going messages for a baby: altogether Alice did not like to try the experiment?'' ''HE.', 'http://lorempixel.com/480/480/?72283'),
(391, 'Enable Next-generation ROI', 'Gryphon. ''They can''t have anything to put it more clearly,'' Alice replied very gravely. ''What else had you to death."'' ''You are old,'' said the Mouse, frowning, but very glad that it had lost.', 'http://lorempixel.com/480/480/?80649'),
(392, 'Expedite Efficient Synergies', 'I mean what I like"!'' ''You might just as she swam nearer to make out at all know whether it would be wasting our breath." "I''ll be judge, I''ll be jury," Said cunning old Fury: "I''ll try the thing.', 'http://lorempixel.com/480/480/?43877'),
(393, 'Transition Holistic Methodologies', 'Queen, and in another moment, splash! she was out of sight: then it chuckled. ''What fun!'' said the Mock Turtle''s Story ''You can''t think how glad I am so VERY tired of being upset, and their slates.', 'http://lorempixel.com/480/480/?62439'),
(394, 'E-enable Sexy Users', 'I should have liked teaching it tricks very much, if--if I''d only been the whiting,'' said Alice, a little pattering of feet in a melancholy air, and, after waiting till she shook the house, and.', 'http://lorempixel.com/480/480/?68793'),
(395, 'Brand Ubiquitous Relationships', 'Lory positively refused to tell me your history, you know,'' said the King. ''Shan''t,'' said the Duchess, ''chop off her unfortunate guests to execution--once more the pig-baby was sneezing on the top.', 'http://lorempixel.com/480/480/?46521'),
(396, 'Productize Leading-edge E-commerce', 'King: ''however, it may kiss my hand if it had grown to her that she tipped over the fire, stirring a large arm-chair at one end of half those long words, and, what''s more, I don''t put my arm round.', 'http://lorempixel.com/480/480/?69781'),
(397, 'Whiteboard 24/7 E-business', 'I''ve got back to finish his story. CHAPTER IV. The Rabbit started violently, dropped the white kid gloves in one hand, and Alice could speak again. In a little of it?'' said the Rabbit was no more to.', 'http://lorempixel.com/480/480/?17259'),
(398, 'Optimize Leading-edge Convergence', 'Two. Two began in a coaxing tone, and she set off at once: one old Magpie began wrapping itself up and to hear it say, as it happens; and if I might venture to go and get ready to agree to.', 'http://lorempixel.com/480/480/?25834'),
(399, 'Reinvent Back-end Functionalities', 'Hatter, ''you wouldn''t talk about her and to wonder what Latitude or Longitude either, but thought they were mine before. If I or she should meet the real Mary Ann, what ARE you talking to?'' said one.', 'http://lorempixel.com/480/480/?47778'),
(400, 'Reinvent Virtual Infrastructures', 'First, because I''m on the shingle--will you come to an end! ''I wonder how many hours a day or two: wouldn''t it be murder to leave it behind?'' She said the Mouse. ''Of course,'' the Dodo replied very.', 'http://lorempixel.com/480/480/?67335'),
(401, 'Target Open-source Initiatives', 'CHAPTER XII. Alice''s Evidence ''Here!'' cried Alice, jumping up and down in a long, low hall, which was the Cat said, waving its right paw round, ''lives a March Hare. ''Then it ought to eat some of the.', 'http://lorempixel.com/480/480/?45603'),
(402, 'Synthesize Synergistic Solutions', 'Mock Turtle. ''She can''t explain it,'' said Alice, always ready to talk about her repeating ''YOU ARE OLD, FATHER WILLIAM,"'' said the Footman. ''That''s the first to break the silence. ''What day of the.', 'http://lorempixel.com/480/480/?98787'),
(403, 'Incentivize Collaborative Web-readiness', 'Alice heard it muttering to itself ''The Duchess! The Duchess! Oh my dear Dinah! I wonder if I''ve kept her eyes filled with cupboards and book-shelves; here and there. There was exactly three inches.', 'http://lorempixel.com/480/480/?96132'),
(404, 'Productize B2C Content', 'Gryphon replied rather crossly: ''of course you don''t!'' the Hatter went on, very much of a feather flock together."'' ''Only mustard isn''t a letter, after all: it''s a French mouse, come over with.', 'http://lorempixel.com/480/480/?86309'),
(405, 'Engineer Out-of-the-box Platforms', 'I''ll get into that beautiful garden--how IS that to be ashamed of yourself,'' said Alice, who had spoken first. ''That''s none of my own. I''m a deal too flustered to tell them something more. ''You.', 'http://lorempixel.com/480/480/?15172'),
(406, 'Redefine User-centric Methodologies', 'Alice: ''I don''t see,'' said the youth, ''and your jaws are too weak For anything tougher than suet; Yet you balanced an eel on the door of which was a most extraordinary noise going on shrinking.', 'http://lorempixel.com/480/480/?48060'),
(407, 'Maximize B2B Action-items', 'There was a most extraordinary noise going on shrinking rapidly: she soon made out that it was too dark to see the Mock Turtle, who looked at her as hard as he shook both his shoes off. ''Give your.', 'http://lorempixel.com/480/480/?73496'),
(408, 'Synergize Extensible Infomediaries', 'However, it was an old Turtle--we used to come out among the branches, and every now and then, if I only wish they COULD! I''m sure I don''t take this child away with me,'' thought Alice, ''or perhaps.', 'http://lorempixel.com/480/480/?39307'),
(409, 'Grow Magnetic Relationships', 'Alice thought decidedly uncivil. ''But perhaps he can''t help it,'' said the Mouse, who was sitting on the floor, as it was quite pleased to have changed since her swim in the last concert!'' on which.', 'http://lorempixel.com/480/480/?82188'),
(410, 'Generate E-business Platforms', 'VERY deeply with a kind of authority over Alice. ''Stand up and down looking for them, but they all cheered. Alice thought to herself ''This is Bill,'' she gave a look askance-- Said he thanked the.', 'http://lorempixel.com/480/480/?77115'),
(411, 'Incentivize Strategic Bandwidth', 'Dinah my dear! Let this be a book of rules for shutting people up like a candle. I wonder what was coming. It was high time to go, for the Duchess was sitting on the look-out for serpents night and.', 'http://lorempixel.com/480/480/?16211'),
(412, 'Recontextualize Open-source Webservices', 'I suppose it were white, but there were ten of them, and then said ''The fourth.'' ''Two days wrong!'' sighed the Lory, who at last it unfolded its arms, took the hookah into its face in her life; it.', 'http://lorempixel.com/480/480/?57148'),
(413, 'Repurpose User-centric Technologies', 'I to get her head through the air! Do you think, at your age, it is to France-- Then turn not pale, beloved snail, but come and join the dance? Will you, won''t you, won''t you, won''t you join the.', 'http://lorempixel.com/480/480/?79758'),
(414, 'Aggregate Extensible Communities', 'Cat said, waving its tail when I''m pleased, and wag my tail when it''s angry, and wags its tail about in the way of settling all difficulties, great or small. ''Off with his nose, you know?'' ''It''s the.', 'http://lorempixel.com/480/480/?49941'),
(415, 'Scale Global Mindshare', 'For anything tougher than suet; Yet you balanced an eel on the top of the bottle was a queer-shaped little creature, and held out its arms and frowning at the mouth with strings: into this they.', 'http://lorempixel.com/480/480/?92539'),
(416, 'Transition Sticky Deliverables', 'I wonder who will put on one knee as he shook both his shoes off. ''Give your evidence,'' said the Duchess: ''and the moral of that is--"The more there is of yours."'' ''Oh, I BEG your pardon!'' cried.', 'http://lorempixel.com/480/480/?79436'),
(417, 'Scale B2B Portals', 'I should think it so yet,'' said the King, who had meanwhile been examining the roses. ''Off with his nose Trims his belt and his friends shared their never-ending meal, and the bright eager eyes were.', 'http://lorempixel.com/480/480/?62187'),
(418, 'Engineer Plug-and-play Synergies', 'However, she got up this morning? I almost think I should think you might do something better with the bread-and-butter getting so used to read fairy-tales, I fancied that kind of thing that would.', 'http://lorempixel.com/480/480/?77344'),
(419, 'Drive 24/365 E-business', 'Pepper For a minute or two, she made some tarts, All on a crimson velvet cushion; and, last of all the right thing to get us dry would be quite absurd for her to wink with one eye, How the Owl and.', 'http://lorempixel.com/480/480/?39881'),
(420, 'Orchestrate Compelling Initiatives', 'Dinah stop in the long hall, and wander about among those beds of bright flowers and those cool fountains, but she saw maps and pictures hung upon pegs. She took down a very hopeful tone though), ''I.', 'http://lorempixel.com/480/480/?52791'),
(421, 'Orchestrate B2B Eyeballs', 'I suppose I ought to go from here?'' ''That depends a good deal worse off than before, as the March Hare. ''Exactly so,'' said the youth, ''one would hardly suppose That your eye was as much right,'' said.', 'http://lorempixel.com/480/480/?84872'),
(422, 'Deploy Next-generation Networks', 'Gryphon. ''Well, I can''t get out at the Cat''s head began fading away the time. Alice had never forgotten that, if you drink much from a bottle marked ''poison,'' it is right?'' ''In my youth,'' said the.', 'http://lorempixel.com/480/480/?77597'),
(423, 'Benchmark 24/7 Metrics', 'Cat, and vanished. Alice was a little three-legged table, all made a memorandum of the goldfish kept running in her pocket) till she got to come yet, please your Majesty,'' said Two, in a hurried.', 'http://lorempixel.com/480/480/?78414'),
(424, 'Matrix Value-added Models', 'Alice,) ''Well, I shan''t grow any more--As it is, I can''t remember,'' said the Footman. ''That''s the judge,'' she said to herself ''Now I can kick a little!'' She drew her foot as far down the chimney.', 'http://lorempixel.com/480/480/?20984'),
(425, 'Whiteboard Enterprise E-tailers', 'Cat. ''I don''t see how he did not feel encouraged to ask help of any use, now,'' thought poor Alice, ''it would have appeared to them she heard a little now and then, and holding it to be no chance of.', 'http://lorempixel.com/480/480/?71935'),
(426, 'Optimize Holistic Vortals', 'TWO little shrieks, and more puzzled, but she could for sneezing. There was a general clapping of hands at this: it was as much as serpents do, you know.'' ''I don''t know one,'' said Alice. ''What sort.', 'http://lorempixel.com/480/480/?91486'),
(427, 'Utilize End-to-end Users', 'For really this morning I''ve nothing to do: once or twice she had to sing "Twinkle, twinkle, little bat! How I wonder if I''ve kept her eyes to see the Mock Turtle said with some surprise that the.', 'http://lorempixel.com/480/480/?89854'),
(428, 'Integrate Robust Web-readiness', 'She got up this morning? I almost think I must sugar my hair." As a duck with its legs hanging down, but generally, just as well say,'' added the Queen. ''I never went to school in the night? Let me.', 'http://lorempixel.com/480/480/?12138'),
(429, 'Enable Granular Systems', 'Mouse, who was sitting on the bank, and of having the sentence first!'' ''Hold your tongue!'' said the Cat. ''Do you take me for his housemaid,'' she said to the other ladder?--Why, I hadn''t begun my.', 'http://lorempixel.com/480/480/?31565'),
(430, 'Visualize Open-source Convergence', 'I was thinking I should frighten them out with his head!'' she said, ''and see whether it''s marked "poison" or not''; for she felt that this could not remember the simple rules their friends had taught.', 'http://lorempixel.com/480/480/?67737'),
(431, 'Exploit B2B Partnerships', 'This was such a nice little histories about children who had not as yet had any sense, they''d take the place of the goldfish kept running in her life, and had come back with the tea,'' the Hatter.', 'http://lorempixel.com/480/480/?36169'),
(432, 'Empower Compelling Markets', 'Gryphon. ''Then, you know,'' said the King, and he hurried off. Alice thought this must be growing small again.'' She got up this morning, but I don''t want to stay in here any longer!'' She waited for.', 'http://lorempixel.com/480/480/?57494'),
(433, 'Deploy Seamless E-commerce', 'March Hare. Visit either you like: they''re both mad.'' ''But I don''t want to get in?'' ''There might be some sense in your knocking,'' the Footman continued in the beautiful garden, among the leaves.', 'http://lorempixel.com/480/480/?50591'),
(434, 'Recontextualize Enterprise Web-readiness', 'Alice, very loudly and decidedly, and he went on, turning to Alice with one of them can explain it,'' said the White Rabbit; ''in fact, there''s nothing written on the back. At last the Dodo suddenly.', 'http://lorempixel.com/480/480/?68227'),
(435, 'Envisioneer Best-of-breed Platforms', 'She felt very curious to see what was coming. It was so large a house, that she had never left off writing on his spectacles. ''Where shall I begin, please your Majesty,'' said Alice timidly. ''Would.', 'http://lorempixel.com/480/480/?31646'),
(436, 'Cultivate Plug-and-play E-business', 'King. (The jury all wrote down all three dates on their hands and feet, to make ONE respectable person!'' Soon her eye fell upon a time she had not noticed before, and she at once in a dreamy sort of.', 'http://lorempixel.com/480/480/?77567'),
(437, 'Grow Cross-media Technologies', 'I do,'' said Alice aloud, addressing nobody in particular. ''She''d soon fetch it back!'' ''And who is Dinah, if I fell off the fire, licking her paws and washing her face--and she is only a mouse that.', 'http://lorempixel.com/480/480/?18250'),
(438, 'Empower Visionary Webservices', 'I do hope it''ll make me larger, it must be getting somewhere near the door as you might like to see a little way forwards each time and a long tail, certainly,'' said Alice, who felt ready to ask.', 'http://lorempixel.com/480/480/?36977'),
(439, 'Utilize Back-end Architectures', 'Queen in a mournful tone, ''he won''t do a thing I know. Silence all round, if you hold it too long; and that he had to stop and untwist it. After a while, finding that nothing more happened, she.', 'http://lorempixel.com/480/480/?26132'),
(440, 'Brand Front-end E-markets', 'She had quite forgotten the Duchess sneezed occasionally; and as Alice could see it pop down a jar from one end to the Gryphon. ''We can do no more, whatever happens. What WILL become of you? I gave.', 'http://lorempixel.com/480/480/?44526'),
(441, 'Incentivize Virtual Paradigms', 'Rabbit actually TOOK A WATCH OUT OF ITS WAISTCOAT-POCKET, and looked very uncomfortable. The moment Alice appeared, she was now, and she looked up, and began bowing to the King, and he hurried off..', 'http://lorempixel.com/480/480/?81523'),
(442, 'Syndicate B2B ROI', 'The Mouse did not like the look of the jury had a large arm-chair at one corner of it: for she had looked under it, and they lived at the cook took the watch and looked at her rather inquisitively.', 'http://lorempixel.com/480/480/?18478'),
(443, 'Strategize Plug-and-play Technologies', 'THIS FIT--" you never tasted an egg!'' ''I HAVE tasted eggs, certainly,'' said Alice, seriously, ''I''ll have nothing more to come, so she went on: ''--that begins with a little bit, and said anxiously to.', 'http://lorempixel.com/480/480/?81617'),
(444, 'Synthesize Vertical Models', 'King said, turning to Alice, ''Have you guessed the riddle yet?'' the Hatter said, tossing his head contemptuously. ''I dare say there may be different,'' said Alice; ''I can''t go no lower,'' said the.', 'http://lorempixel.com/480/480/?68578'),
(445, 'Aggregate Collaborative Niches', 'Mock Turtle went on talking: ''Dear, dear! How queer everything is to-day! And yesterday things went on growing, and, as there was the matter on, What would become of you? I gave her one, they gave.', 'http://lorempixel.com/480/480/?80356'),
(446, 'Strategize End-to-end E-markets', 'My notion was that she did not at all a proper way of expecting nothing but a pack of cards, after all. "--SAID I COULD NOT SWIM--" you can''t be civil, you''d better leave off,'' said the Lory, with a.', 'http://lorempixel.com/480/480/?93975'),
(447, 'Deliver Synergistic Technologies', 'Duchess''s cook. She carried the pepper-box in her face, with such a subject! Our family always HATED cats: nasty, low, vulgar things! Don''t let me help to undo it!'' ''I shall sit here,'' the Footman.', 'http://lorempixel.com/480/480/?11524'),
(448, 'Visualize Scalable Technologies', 'Alice found at first she thought it would,'' said the Duck: ''it''s generally a ridge or furrow in the prisoner''s handwriting?'' asked another of the words ''EAT ME'' were beautifully marked in currants..', 'http://lorempixel.com/480/480/?55997'),
(449, 'Productize Turn-key Users', 'Mouse was bristling all over, and both creatures hid their faces in their mouths; and the words ''DRINK ME,'' but nevertheless she uncorked it and put it to her lips. ''I know what you would seem to.', 'http://lorempixel.com/480/480/?71741'),
(450, 'Recontextualize Value-added Webservices', 'Queen till she fancied she heard it say to itself ''The Duchess! The Duchess! Oh my dear Dinah! I wonder if I shall see it trot away quietly into the way the people near the house till she heard her.', 'http://lorempixel.com/480/480/?27959'),
(451, 'Reintermediate Magnetic Functionalities', 'This is the same as they came nearer, Alice could see her after the birds! Why, she''ll eat a bat?'' when suddenly, thump! thump! down she came upon a Gryphon, lying fast asleep in the night? Let me.', 'http://lorempixel.com/480/480/?90954'),
(452, 'Embrace Sexy Systems', 'An enormous puppy was looking at them with the bread-knife.'' The March Hare had just succeeded in bringing herself down to them, and he wasn''t one?'' Alice asked. The Hatter looked at the top of his.', 'http://lorempixel.com/480/480/?61383'),
(453, 'Embrace Seamless Initiatives', 'In a little startled when she caught it, and then dipped suddenly down, so suddenly that Alice had begun to think about it, you know.'' Alice had been would have made a memorandum of the jury wrote.', 'http://lorempixel.com/480/480/?40584'),
(454, 'Facilitate One-to-one Models', 'Cat, and vanished. Alice was beginning to feel very sleepy and stupid), whether the pleasure of making a daisy-chain would be like, ''--for they haven''t got much evidence YET,'' she said this she.', 'http://lorempixel.com/480/480/?20744'),
(455, 'Expedite Dot-com Platforms', 'As for pulling me out of the garden: the roses growing on it in a very humble tone, going down on their backs was the Rabbit say to itself ''The Duchess! The Duchess! Oh my fur and whiskers! She''ll.', 'http://lorempixel.com/480/480/?50326'),
(456, 'Leverage Intuitive Systems', 'I never heard of one,'' said Alice. ''It must have a prize herself, you know,'' said the Mock Turtle. ''Hold your tongue!'' added the Gryphon, ''that they WOULD put their heads downward! The Antipathies.', 'http://lorempixel.com/480/480/?99105'),
(457, 'Recontextualize Intuitive Infomediaries', 'Knave of Hearts, she made it out loud. ''Thinking again?'' the Duchess and the choking of the conversation. Alice felt dreadfully puzzled. The Hatter''s remark seemed to Alice with one finger; and the.', 'http://lorempixel.com/480/480/?57726'),
(458, 'Target 24/7 Content', 'Alice. ''Why, SHE,'' said the Caterpillar. Here was another long passage, and the moment she felt sure she would get up and picking the daisies, when suddenly a footman in livery, with a round face.', 'http://lorempixel.com/480/480/?85388'),
(459, 'Reintermediate B2B Networks', 'SLUGGARD,"'' said the Cat, as soon as it was only a pack of cards, after all. I needn''t be afraid of it. Presently the Rabbit hastily interrupted. ''There''s a great many more than three.'' ''Your hair.', 'http://lorempixel.com/480/480/?46138'),
(460, 'Whiteboard Intuitive Portals', 'Mock Turtle replied; ''and then the Rabbit''s voice; and the two creatures, who had followed him into the book her sister on the top of it. She went on ''And how did you call him Tortoise--'' ''Why did.', 'http://lorempixel.com/480/480/?94716'),
(461, 'Orchestrate Impactful Systems', 'Alice to herself. ''Of the mushroom,'' said the Footman, ''and that for the end of the wood for fear of killing somebody, so managed to put everything upon Bill! I wouldn''t say anything about it, even.', 'http://lorempixel.com/480/480/?49446'),
(462, 'Engineer Intuitive Relationships', 'As soon as there was not here before,'' said Alice,) and round Alice, every now and then, if I can reach the key; and if it makes me grow large again, for she thought, ''till its ears have come, or at.', 'http://lorempixel.com/480/480/?15343'),
(463, 'Disintermediate Transparent Convergence', 'It means much the same size: to be listening, so she began thinking over other children she knew, who might do very well to say it over) ''--yes, that''s about the right house, because the chimneys.', 'http://lorempixel.com/480/480/?34183'),
(464, 'Exploit Innovative Bandwidth', 'I suppose?'' said Alice. ''Well, I shan''t go, at any rate,'' said Alice: ''--where''s the Duchess?'' ''Hush! Hush!'' said the Caterpillar. Alice folded her hands, and began:-- ''You are old,'' said the King.', 'http://lorempixel.com/480/480/?90406'),
(465, 'Brand Dot-com Architectures', 'Alice to find her way into a graceful zigzag, and was delighted to find any. And yet I don''t want to get dry very soon. ''Ahem!'' said the Cat. ''I said pig,'' replied Alice; ''and I do wonder what.', 'http://lorempixel.com/480/480/?38072'),
(466, 'Optimize Cross-platform Experiences', 'Hatter, ''I cut some more bread-and-butter--'' ''But what happens when you have of putting things!'' ''It''s a pun!'' the King said gravely, ''and go on for some way of speaking to it,'' she said this, she.', 'http://lorempixel.com/480/480/?59080'),
(467, 'Repurpose Compelling Platforms', 'Then it got down off the top of its mouth open, gazing up into hers--she could hear the Rabbit in a melancholy air, and, after glaring at her as she had somehow fallen into the wood to listen. ''Mary.', 'http://lorempixel.com/480/480/?58988'),
(468, 'Visualize Open-source Portals', 'Stigand, the patriotic archbishop of Canterbury, found it so yet,'' said the Duchess: you''d better finish the story for yourself.'' ''No, please go on!'' Alice said to herself, ''the way all the party.', 'http://lorempixel.com/480/480/?28763'),
(469, 'Recontextualize Customized Synergies', 'Alice could bear: she got up and repeat something now. Tell her to begin.'' For, you see, as they all stopped and looked along the passage into the wood to listen. ''Mary Ann! Mary Ann!'' said the.', 'http://lorempixel.com/480/480/?13118'),
(470, 'Recontextualize Rich Solutions', 'Alice, thinking it was YOUR table,'' said Alice; ''that''s not at all comfortable, and it put more simply--"Never imagine yourself not to make out exactly what they WILL do next! As for pulling me out.', 'http://lorempixel.com/480/480/?65088'),
(471, 'Reintermediate Synergistic Initiatives', 'Mock Turtle recovered his voice, and, with tears running down his face, as long as I was a table, with a table in the long hall, and wander about among those beds of bright flowers and those cool.', 'http://lorempixel.com/480/480/?37606'),
(472, 'Leverage Rich Convergence', 'I shall have somebody to talk nonsense. The Queen''s argument was, that she was terribly frightened all the first figure,'' said the youth, ''as I mentioned before, And have grown most uncommonly fat;.', 'http://lorempixel.com/480/480/?95401'),
(473, 'Envisioneer B2C Networks', 'DON''T know,'' said Alice timidly. ''Would you tell me, Pat, what''s that in some book, but I grow at a reasonable pace,'' said the Gryphon as if it likes.'' ''I''d rather finish my tea,'' said the Mock.', 'http://lorempixel.com/480/480/?19890'),
(474, 'Evolve Collaborative Methodologies', 'The Fish-Footman began by taking the little thing sobbed again (or grunted, it was the King; and the pattern on their hands and feet at the end of the window, I only knew the name again!'' ''I won''t.', 'http://lorempixel.com/480/480/?43792'),
(475, 'Incubate Frictionless Synergies', 'LESS,'' said the March Hare said to the Caterpillar, and the others all joined in chorus, ''Yes, please do!'' pleaded Alice. ''And ever since that,'' the Hatter asked triumphantly. Alice did not like the.', 'http://lorempixel.com/480/480/?11712'),
(476, 'Drive 24/7 ROI', 'Alice. One of the month, and doesn''t tell what o''clock it is!'' As she said this she looked up eagerly, half hoping that they would die. ''The trial cannot proceed,'' said the Mock Turtle; ''but it.', 'http://lorempixel.com/480/480/?89723'),
(477, 'Enable Wireless Networks', 'Cheshire Cat, she was quite pale (with passion, Alice thought), and it put the Lizard in head downwards, and the whole party look so grave that she had never left off when they hit her; and when she.', 'http://lorempixel.com/480/480/?47544'),
(478, 'Synergize 24/365 Schemas', 'I like"!'' ''You might just as well as she wandered about for some time with one eye; ''I seem to encourage the witness at all: he kept shifting from one of the gloves, and was delighted to find that.', 'http://lorempixel.com/480/480/?58683'),
(479, 'Evolve Proactive Paradigms', 'Queen,'' and she grew no larger: still it was perfectly round, she found herself lying on their throne when they passed too close, and waving their forepaws to mark the time, while the Mouse with an.', 'http://lorempixel.com/480/480/?46158'),
(480, 'Deploy 24/365 Relationships', 'Alice tried to open it; but, as the soldiers remaining behind to execute the unfortunate gardeners, who ran to Alice with one finger pressed upon its nose. The Dormouse had closed its eyes were.', 'http://lorempixel.com/480/480/?96158'),
(481, 'Engage Intuitive Technologies', 'Alice. ''Why, SHE,'' said the Gryphon, ''you first form into a graceful zigzag, and was in livery: otherwise, judging by his face only, she would get up and rubbed its eyes: then it chuckled. ''What.', 'http://lorempixel.com/480/480/?33319'),
(482, 'Innovate Best-of-breed Architectures', 'Alice''s shoulder, and it was looking down at her with large round eyes, and half of fright and half believed herself in Wonderland, though she knew that were of the other side of the hall: in fact.', 'http://lorempixel.com/480/480/?95905'),
(483, 'Benchmark Revolutionary Bandwidth', 'For, you see, Miss, this here ought to be a lesson to you to set them free, Exactly as we were. My notion was that she might as well go in ringlets at all; however, she again heard a little nervous.', 'http://lorempixel.com/480/480/?69061'),
(484, 'Generate Next-generation Technologies', 'VERY much out of it, and behind them a new idea to Alice, ''Have you guessed the riddle yet?'' the Hatter said, turning to the fifth bend, I think?'' he said in a court of justice before, but she was.', 'http://lorempixel.com/480/480/?71110'),
(485, 'Facilitate Collaborative Relationships', 'I can''t get out at all the rest of the Gryphon, and the Panther were sharing a pie--'' [later editions continued as follows When the Mouse replied rather impatiently: ''any shrimp could have been.', 'http://lorempixel.com/480/480/?38826'),
(486, 'Whiteboard Mission-critical Deliverables', 'Will you, won''t you, will you join the dance? "You can really have no idea how to begin.'' For, you see, so many tea-things are put out here?'' she asked. ''Yes, that''s it,'' said Alice. ''You did,'' said.', 'http://lorempixel.com/480/480/?40010'),
(487, 'Target Interactive Action-items', 'YOUR table,'' said Alice; ''I must go by the Queen was in the same thing a bit!'' said the Hatter: ''I''m on the floor: in another moment that it was looking down with her head!'' the Queen was silent..', 'http://lorempixel.com/480/480/?43593'),
(488, 'Orchestrate Synergistic Functionalities', 'Dormouse. ''Fourteenth of March, I think you''d better leave off,'' said the Queen, ''and he shall tell you his history,'' As they walked off together. Alice laughed so much surprised, that for two.', 'http://lorempixel.com/480/480/?73186'),
(489, 'Expedite Turn-key Bandwidth', 'This question the Dodo could not make out what it meant till now.'' ''If that''s all I can find them.'' As she said to herself how this same little sister of hers would, in the sun. (IF you don''t even.', 'http://lorempixel.com/480/480/?43496'),
(490, 'Architect Granular Synergies', 'Gryphon, ''she wants for to know your history, you know,'' Alice gently remarked; ''they''d have been changed for Mabel! I''ll try if I chose,'' the Duchess replied, in a voice of the jury consider their.', 'http://lorempixel.com/480/480/?58594'),
(491, 'Aggregate Vertical E-commerce', 'March Hare went on. ''Or would you like to go on. ''And so these three weeks!'' ''I''m very sorry you''ve been annoyed,'' said Alice, and she went on at last, with a cart-horse, and expecting every moment.', 'http://lorempixel.com/480/480/?43973'),
(492, 'Grow Extensible Applications', 'Alice. ''I''ve so often read in the distance, and she felt unhappy. ''It was the only one who had not a mile high,'' said Alice. ''I''ve tried every way, and the King said gravely, ''and go on in a tone of.', 'http://lorempixel.com/480/480/?32961'),
(493, 'Orchestrate Mission-critical Applications', 'And beat him when he sneezes; For he can thoroughly enjoy The pepper when he pleases!'' CHORUS. ''Wow! wow! wow!'' While the Owl had the best cat in the pool as it was all about, and called out, ''Sit.', 'http://lorempixel.com/480/480/?40356'),
(494, 'Visualize Integrated Infomediaries', 'Dormouse indignantly. However, he consented to go after that into a tree. By the time at the thought that SOMEBODY ought to tell its age, there was a little while, however, she waited patiently..', 'http://lorempixel.com/480/480/?61589'),
(495, 'Innovate Robust Metrics', 'Queen, ''and take this young lady to see if she did not get dry again: they had been to a shriek, ''and just as I''d taken the highest tree in the sea, though you mayn''t believe it--'' ''I never went to.', 'http://lorempixel.com/480/480/?95096'),
(496, 'Maximize Proactive Architectures', 'Hatter; ''so I should think it was,'' said the Hatter. Alice felt so desperate that she ought not to her, And mentioned me to introduce some other subject of conversation. While she was terribly.', 'http://lorempixel.com/480/480/?18475'),
(497, 'Enable Best-of-breed Methodologies', 'Caterpillar. Here was another long passage, and the others looked round also, and all must have got into a cucumber-frame, or something of the jurymen. ''No, they''re not,'' said the Queen, tossing her.', 'http://lorempixel.com/480/480/?20667'),
(498, 'E-enable Granular Applications', 'King. The White Rabbit with pink eyes ran close by her. There was a large mustard-mine near here. And the Gryphon whispered in reply, ''for fear they should forget them before the officer could get.', 'http://lorempixel.com/480/480/?34021'),
(499, 'Optimize Mission-critical Solutions', 'After a while, finding that nothing more to come, so she began very cautiously: ''But I don''t take this child away with me,'' thought Alice, ''it''ll never do to come yet, please your Majesty,'' the.', 'http://lorempixel.com/480/480/?49127'),
(500, 'Engineer Bricks-and-clicks Platforms', 'Dormouse began in a shrill, loud voice, and see how he can thoroughly enjoy The pepper when he pleases!'' CHORUS. ''Wow! wow! wow!'' ''Here! you may SIT down,'' the King said, with a round face, and was.', 'http://lorempixel.com/480/480/?32178'),
(501, 'ffff', 'ffff', NULL),
(502, 'aaaa', 'aaaa', NULL);

-- --------------------------------------------------------

--
-- Table structure for table `rental`
--

CREATE TABLE IF NOT EXISTS `rental` (
  `id` int(11) NOT NULL AUTO_INCREMENT,
  `user_id` int(11) NOT NULL,
  `book_id` int(11) NOT NULL,
  `start_time` datetime DEFAULT NULL,
  `end_time` datetime DEFAULT NULL,
  PRIMARY KEY (`id`),
  KEY `rental_user_constraint` (`user_id`),
  KEY `rental_book_constraint` (`book_id`)
) ENGINE=InnoDB DEFAULT CHARSET=latin1 AUTO_INCREMENT=1 ;

-- --------------------------------------------------------

--
-- Table structure for table `user`
--

CREATE TABLE IF NOT EXISTS `user` (
  `id` int(11) NOT NULL AUTO_INCREMENT,
  `name` varchar(255) NOT NULL,
  `first_name` varchar(255) DEFAULT NULL,
  `last_name` varchar(255) DEFAULT NULL,
  `address` varchar(255) DEFAULT NULL,
  `city` varchar(255) DEFAULT NULL,
  `zip_code` varchar(255) DEFAULT NULL,
  `country` varchar(255) DEFAULT NULL,
  `email` varchar(255) NOT NULL,
  `pass_hash` varchar(255) DEFAULT NULL,
  PRIMARY KEY (`id`),
  UNIQUE KEY `name` (`name`),
  UNIQUE KEY `email` (`email`)
) ENGINE=InnoDB  DEFAULT CHARSET=latin1 AUTO_INCREMENT=2 ;

--
-- Dumping data for table `user`
--

INSERT INTO `user` (`id`, `name`, `first_name`, `last_name`, `address`, `city`, `zip_code`, `country`, `email`, `pass_hash`) VALUES
(1, 'clemens_78', NULL, NULL, NULL, NULL, NULL, NULL, 'admin@localhost', '$2a$07$usesomadasdsadsadsadaeQi/KNFjAhc1mmB83YM1Lqkf0eHoNln6');

--
-- Constraints for dumped tables
--

--
-- Constraints for table `author_book`
--
ALTER TABLE `author_book`
  ADD CONSTRAINT `author_constraint` FOREIGN KEY (`author_id`) REFERENCES `author` (`id`),
  ADD CONSTRAINT `book_constraint` FOREIGN KEY (`book_id`) REFERENCES `book` (`id`);

--
-- Constraints for table `rental`
--
ALTER TABLE `rental`
  ADD CONSTRAINT `rental_book_constraint` FOREIGN KEY (`book_id`) REFERENCES `book` (`id`),
  ADD CONSTRAINT `rental_user_constraint` FOREIGN KEY (`user_id`) REFERENCES `user` (`id`);

/*!40101 SET CHARACTER_SET_CLIENT=@OLD_CHARACTER_SET_CLIENT */;
/*!40101 SET CHARACTER_SET_RESULTS=@OLD_CHARACTER_SET_RESULTS */;
/*!40101 SET COLLATION_CONNECTION=@OLD_COLLATION_CONNECTION */;
